order_id,order_date_time,customer_id,gender,age,city,restaurant_name,cuisine_type,order_amount,item_count,discount,delivery_fee,payment_method,order_status,delivery_time_min,rating,tip_amount,coupon_code
ORD1000,2024-09-23 00:05:00,CUST384,Female,42,Hyderabad,Biryani House,South Indian,322.13,5,95.75,60.18,Wallet,Delivered,35.0,1.0,34.39,MEAL20
ORD1001,2024-09-22 09:44:00,CUST309,Male,49,Delhi,Curry Express,Fast Food,958.48,5,251.84,60.32,Wallet,Delivered,32.0,2.0,33.64,FIRSTORDER
ORD1002,2024-01-14 20:28:00,CUST439,Male,26,Bengaluru,Tandoori Treat,Beverages,1159.52,2,72.37,60.52,COD,Delivered,34.0,5.0,48.52,ZOMATO100
ORD1003,2024-08-11 22:08:00,CUST778,Male,31,Chennai,Biryani House,Continental,566.77,3,53.69,77.29,Wallet,Delivered,28.0,1.0,41.25,FIRSTORDER
ORD1004,2024-04-02 12:16:00,CUST944,Male,26,Lucknow,Biryani House,Beverages,976.04,2,241.94,25.69,Wallet,Cancelled,,,0.0,NONE
ORD1005,2024-08-10 03:39:00,CUST569,Female,53,Pune,Pizza Nation,South Indian,968.0,2,142.12,61.53,Debit Card,Delivered,25.0,1.0,19.17,MEAL20
ORD1006,2024-02-02 07:16:00,CUST534,Female,22,Pune,Punjabi Zaika,Fast Food,263.83,6,7.39,50.8,Debit Card,Delivered,59.0,5.0,3.67,MEAL20
ORD1007,2024-06-11 09:27:00,CUST996,Male,23,Mumbai,South Spice,North Indian,564.86,2,56.69,49.34,Debit Card,Delivered,43.0,5.0,44.42,ZOMATO100
ORD1008,2024-01-10 15:04:00,CUST945,Male,50,Delhi,Royal Sweets,Italian,1419.8,2,125.39,69.6,Wallet,Delivered,37.0,1.0,24.59,FIRSTORDER
ORD1009,2024-09-18 13:31:00,CUST926,Male,23,Bengaluru,Chow Mein Corner,Indian,857.54,4,4.53,24.88,UPI,Cancelled,,,0.0,NONE
ORD1010,2024-03-09 06:45:00,CUST624,Female,25,Delhi,Tandoori Treat,Continental,1406.92,6,412.3,24.5,Wallet,Delivered,51.0,4.0,20.37,FIRSTORDER
ORD1011,2024-06-02 09:57:00,CUST279,Male,43,Chennai,Tandoori Treat,Beverages,915.46,1,228.59,53.36,Credit Card,Delivered,38.0,4.0,38.88,NONE
ORD1012,2024-05-25 14:04:00,CUST658,Female,52,Jaipur,Biryani House,South Indian,1000.51,1,215.25,40.08,COD,Delivered,55.0,4.0,14.07,NONE
ORD1013,2024-05-19 16:54:00,CUST214,Female,38,Chennai,Chow Mein Corner,South Indian,1143.55,4,288.4,23.76,COD,Delivered,19.0,,0.9,MEAL20
ORD1014,2024-02-25 18:05:00,CUST830,Female,22,Jaipur,Punjabi Zaika,Indian,661.0,5,146.42,75.51,Debit Card,Delivered,56.0,2.0,45.41,FREEDL
ORD1015,2024-08-19 19:45:00,CUST330,Female,55,Lucknow,Royal Sweets,Biryani,240.15,2,44.59,28.73,Credit Card,Delivered,26.0,4.0,16.85,FIRSTORDER
ORD1016,2024-04-14 08:00:00,CUST480,Female,44,Jaipur,Biryani House,Italian,406.79,5,39.75,79.9,Credit Card,Delivered,26.0,2.0,42.5,FREEDL
ORD1017,2024-09-18 14:46:00,CUST817,Male,32,Jaipur,South Spice,Beverages,953.76,3,59.3,48.66,Credit Card,Delivered,15.0,,7.81,ZOMATO100
ORD1018,2024-09-23 08:11:00,CUST346,Female,33,Delhi,Curry Express,Fast Food,1449.24,6,267.96,35.23,COD,Returned,,,0.0,MEAL20
ORD1019,2024-10-06 12:26:00,CUST387,Male,55,Delhi,Royal Sweets,South Indian,938.4,4,13.33,22.58,Credit Card,Cancelled,,,0.0,FREEDL
ORD1020,2024-07-25 14:15:00,CUST239,Male,35,Mumbai,South Spice,Continental,529.61,3,41.39,75.85,Debit Card,Delivered,42.0,2.0,33.46,MEAL20
ORD1021,2024-06-08 01:14:00,CUST517,Male,26,Mumbai,Pizza Nation,Desserts,1282.86,3,148.67,52.43,UPI,Delivered,20.0,3.0,45.5,NONE
ORD1022,2024-04-11 02:50:00,CUST296,Female,39,Bengaluru,Punjabi Zaika,Desserts,555.27,3,122.83,72.43,Wallet,Delivered,45.0,5.0,1.25,MEAL20
ORD1023,2024-10-06 05:01:00,CUST857,Female,31,Delhi,Pizza Nation,Biryani,410.57,2,104.85,26.05,UPI,Delivered,44.0,,24.55,FREEDL
ORD1024,2024-03-22 13:10:00,CUST180,Male,33,Bengaluru,Tandoori Treat,Beverages,1411.28,6,391.1,64.3,UPI,Delivered,41.0,1.0,7.09,ZOMATO100
ORD1025,2024-07-05 21:52:00,CUST523,Female,33,Mumbai,Pizza Nation,Beverages,911.46,2,62.64,55.48,UPI,Delivered,15.0,4.0,17.85,ZOMATO100
ORD1026,2024-05-19 10:03:00,CUST112,Male,20,Ahmedabad,Royal Sweets,Chinese,649.65,2,158.52,36.42,Debit Card,Delivered,33.0,2.0,26.93,NONE
ORD1027,2024-02-08 19:11:00,CUST603,Female,22,Lucknow,Tandoori Treat,Chinese,686.8,4,49.25,49.36,Wallet,Returned,,,0.0,ZOMATO100
ORD1028,2024-10-15 19:13:00,CUST984,Male,24,Bengaluru,Punjabi Zaika,Chinese,746.74,3,69.87,64.07,UPI,Delivered,55.0,5.0,34.0,ZOMATO50
ORD1029,2024-07-23 17:21:00,CUST370,Male,35,Hyderabad,Curry Express,Continental,179.92,2,51.33,77.79,Debit Card,Delivered,60.0,1.0,33.11,FREEDL
ORD1030,2024-08-21 22:02:00,CUST932,Male,27,Mumbai,Tandoori Treat,Beverages,1420.27,6,59.0,36.87,Wallet,Delivered,31.0,5.0,41.5,ZOMATO50
ORD1031,2024-04-03 00:46:00,CUST274,Male,25,Bengaluru,Burger Hub,Continental,1496.95,6,262.8,45.63,Wallet,Delivered,17.0,,43.65,ZOMATO100
ORD1032,2024-07-31 06:17:00,CUST173,Male,36,Ahmedabad,Curry Express,Chinese,404.95,4,96.87,34.4,Wallet,Delivered,54.0,5.0,42.47,ZOMATO100
ORD1033,2024-01-24 18:38:00,CUST144,Female,26,Mumbai,Pizza Nation,South Indian,718.89,4,198.58,54.67,UPI,Delivered,29.0,1.0,32.8,MEAL20
ORD1034,2024-07-23 16:25:00,CUST508,Male,33,Hyderabad,South Spice,Fast Food,345.97,5,87.6,50.26,Credit Card,Delivered,24.0,5.0,35.44,FREEDL
ORD1035,2024-01-19 19:58:00,CUST811,Female,52,Lucknow,Burger Hub,Continental,1016.02,3,266.82,23.46,COD,Delivered,59.0,3.0,23.01,MEAL20
ORD1036,2024-07-12 05:15:00,CUST581,Female,45,Ahmedabad,Burger Hub,Italian,425.34,1,55.74,78.0,Credit Card,Delivered,45.0,4.0,33.05,FREEDL
ORD1037,2024-01-02 16:56:00,CUST326,Male,30,Mumbai,Burger Hub,Desserts,200.01,1,27.36,66.36,COD,Delivered,53.0,2.0,7.37,MEAL20
ORD1038,2024-03-23 13:57:00,CUST808,Female,52,Hyderabad,Tandoori Treat,Biryani,1467.65,2,122.57,51.19,Debit Card,Delivered,31.0,5.0,33.83,ZOMATO50
ORD1039,2024-09-01 18:26:00,CUST618,Female,18,Chennai,Biryani House,Biryani,760.34,4,71.49,78.69,COD,Delivered,59.0,,5.35,ZOMATO50
ORD1040,2024-09-03 20:09:00,CUST211,Male,21,Kolkata,Pizza Nation,South Indian,1297.48,5,136.94,54.73,Credit Card,Delivered,16.0,3.0,19.41,ZOMATO50
ORD1041,2024-07-02 09:33:00,CUST712,Male,38,Hyderabad,Biryani House,South Indian,956.36,5,285.44,59.06,Debit Card,Cancelled,,,0.0,ZOMATO100
ORD1042,2024-04-24 01:07:00,CUST844,Female,44,Ahmedabad,Punjabi Zaika,Italian,280.39,4,33.89,24.54,Debit Card,Delivered,42.0,2.0,34.17,MEAL20
ORD1043,2024-10-01 12:18:00,CUST678,Male,50,Delhi,Biryani House,Fast Food,598.92,6,80.73,20.76,COD,Delivered,33.0,5.0,30.84,FREEDL
ORD1044,2024-03-31 13:31:00,CUST735,Male,40,Jaipur,Punjabi Zaika,Indian,582.29,5,144.13,44.22,Debit Card,Delivered,51.0,3.0,36.39,NONE
ORD1045,2024-07-05 06:01:00,CUST596,Female,44,Chennai,Chow Mein Corner,Chinese,1043.08,3,33.75,48.91,UPI,Delivered,59.0,2.0,33.45,NONE
ORD1046,2024-02-15 14:28:00,CUST218,Male,19,Hyderabad,Pizza Nation,Continental,1196.54,1,157.51,69.05,Wallet,Delivered,36.0,4.0,1.17,NONE
ORD1047,2024-08-09 19:35:00,CUST114,Female,18,Hyderabad,Burger Hub,Fast Food,670.55,1,1.97,59.45,COD,Delivered,38.0,4.0,9.16,FREEDL
ORD1048,2024-10-18 18:57:00,CUST288,Male,19,Mumbai,Punjabi Zaika,Chinese,1051.48,3,30.67,73.25,Debit Card,Delivered,39.0,2.0,28.59,NONE
ORD1049,2024-06-29 13:45:00,CUST605,Female,51,Kolkata,Chow Mein Corner,South Indian,1484.55,6,330.0,46.98,Credit Card,Delivered,55.0,2.0,28.67,NONE
ORD1050,2024-02-24 10:25:00,CUST677,Male,49,Lucknow,Punjabi Zaika,Fast Food,623.17,2,116.58,36.83,Wallet,Delivered,49.0,,24.15,MEAL20
ORD1051,2024-07-06 09:22:00,CUST482,Female,27,Pune,Pizza Nation,Indian,453.47,3,91.0,77.47,UPI,Cancelled,,,0.0,FIRSTORDER
ORD1052,2024-08-11 01:26:00,CUST392,Female,19,Bengaluru,Chow Mein Corner,Italian,1408.38,3,277.59,69.1,Debit Card,Delivered,51.0,,0.09,ZOMATO50
ORD1053,2024-10-04 20:36:00,CUST581,Female,21,Ahmedabad,Tandoori Treat,Italian,1387.46,1,102.79,42.02,Credit Card,Delivered,17.0,2.0,3.41,ZOMATO50
ORD1054,2024-06-13 05:25:00,CUST151,Female,49,Delhi,Royal Sweets,Chinese,491.59,2,0.55,54.77,UPI,Cancelled,,,0.0,MEAL20
ORD1055,2024-02-07 15:06:00,CUST745,Female,32,Pune,Burger Hub,Indian,946.42,3,185.59,78.37,Debit Card,Delivered,41.0,,29.8,ZOMATO100
ORD1056,2024-01-03 04:06:00,CUST492,Female,44,Pune,Curry Express,North Indian,1191.09,5,169.47,25.14,Credit Card,Delivered,25.0,5.0,10.38,FREEDL
ORD1057,2024-08-17 14:35:00,CUST599,Female,23,Kolkata,Pizza Nation,Desserts,1450.37,6,60.73,73.68,COD,Delivered,28.0,,17.19,MEAL20
ORD1058,2024-03-27 08:04:00,CUST834,Male,18,Delhi,The Chaat Spot,Biryani,762.45,3,38.22,21.75,UPI,Delivered,17.0,5.0,30.27,MEAL20
ORD1059,2024-02-11 23:54:00,CUST433,Male,30,Mumbai,Punjabi Zaika,North Indian,909.1,4,112.78,23.96,UPI,Delivered,29.0,1.0,43.54,MEAL20
ORD1060,2024-08-14 10:19:00,CUST760,Female,40,Bengaluru,Tandoori Treat,Indian,565.46,3,96.75,68.81,Wallet,Delivered,16.0,,11.33,ZOMATO100
ORD1061,2024-08-18 17:01:00,CUST722,Female,43,Ahmedabad,Royal Sweets,Fast Food,195.0,1,45.72,49.52,Credit Card,Delivered,38.0,2.0,5.36,NONE
ORD1062,2024-10-01 13:20:00,CUST337,Female,41,Ahmedabad,Biryani House,Chinese,1397.46,1,35.19,20.68,Debit Card,Delivered,25.0,3.0,12.17,MEAL20
ORD1063,2024-03-17 13:38:00,CUST591,Female,26,Mumbai,Tandoori Treat,Indian,209.7,6,30.54,37.95,UPI,Delivered,46.0,4.0,3.71,ZOMATO50
ORD1064,2024-06-22 07:09:00,CUST400,Female,19,Delhi,South Spice,Desserts,1290.45,4,353.19,58.73,Credit Card,Returned,,,0.0,FREEDL
ORD1065,2024-04-28 23:00:00,CUST412,Male,20,Delhi,Curry Express,Desserts,1399.04,4,402.88,62.04,Credit Card,Delivered,47.0,1.0,22.58,MEAL20
ORD1066,2024-08-03 13:29:00,CUST927,Male,27,Jaipur,Curry Express,Beverages,1383.48,5,127.39,58.82,Credit Card,Returned,,,0.0,NONE
ORD1067,2024-06-14 23:45:00,CUST277,Female,50,Ahmedabad,Biryani House,Biryani,255.54,1,46.76,28.61,Debit Card,Delivered,32.0,4.0,41.83,FIRSTORDER
ORD1068,2024-04-15 19:21:00,CUST734,Female,42,Hyderabad,Pizza Nation,Fast Food,265.42,2,55.77,55.37,COD,Delivered,48.0,5.0,0.54,ZOMATO50
ORD1069,2024-06-21 11:14:00,CUST470,Male,27,Delhi,South Spice,Continental,462.19,3,17.36,67.24,Wallet,Delivered,37.0,1.0,4.58,FREEDL
ORD1070,2024-10-10 05:42:00,CUST951,Female,31,Jaipur,Royal Sweets,South Indian,1491.01,6,151.07,74.46,Credit Card,Delivered,57.0,2.0,24.53,ZOMATO100
ORD1071,2024-04-29 12:15:00,CUST890,Female,23,Mumbai,Burger Hub,Beverages,1366.63,1,367.11,73.62,COD,Delivered,43.0,,6.4,NONE
ORD1072,2024-03-03 02:44:00,CUST196,Female,53,Mumbai,The Chaat Spot,Desserts,553.9,6,101.17,51.32,Wallet,Delivered,56.0,1.0,6.64,ZOMATO100
ORD1073,2024-09-15 11:08:00,CUST434,Female,25,Chennai,Punjabi Zaika,Continental,330.59,6,44.43,75.8,Debit Card,Delivered,60.0,1.0,18.71,MEAL20
ORD1074,2024-10-13 02:42:00,CUST288,Female,26,Hyderabad,Burger Hub,Continental,672.94,3,62.92,77.75,Wallet,Delivered,25.0,5.0,15.22,NONE
ORD1075,2024-01-01 22:27:00,CUST938,Female,51,Hyderabad,Royal Sweets,North Indian,306.02,5,0.05,32.88,Credit Card,Delivered,31.0,4.0,23.66,FIRSTORDER
ORD1076,2024-10-10 09:57:00,CUST172,Female,45,Chennai,Chow Mein Corner,South Indian,1118.88,2,179.61,28.78,UPI,Cancelled,,,0.0,ZOMATO50
ORD1077,2024-01-17 18:22:00,CUST268,Male,23,Mumbai,The Chaat Spot,Beverages,825.6,6,6.78,69.07,Wallet,Delivered,50.0,5.0,42.69,ZOMATO100
ORD1078,2024-05-01 22:10:00,CUST836,Female,47,Kolkata,Biryani House,Fast Food,825.4,1,78.26,45.75,Wallet,Delivered,40.0,,41.01,MEAL20
ORD1079,2024-08-19 02:54:00,CUST813,Male,53,Delhi,Royal Sweets,Beverages,708.08,3,141.14,77.85,Credit Card,Delivered,31.0,3.0,16.92,ZOMATO100
ORD1080,2024-02-28 03:57:00,CUST404,Female,23,Chennai,Chow Mein Corner,Fast Food,622.35,5,72.03,25.48,UPI,Delivered,43.0,2.0,5.45,MEAL20
ORD1081,2024-03-05 13:49:00,CUST379,Male,22,Delhi,South Spice,Continental,1178.82,2,52.5,67.84,Wallet,Delivered,47.0,3.0,21.65,ZOMATO50
ORD1082,2024-09-23 13:10:00,CUST461,Male,23,Mumbai,Chow Mein Corner,North Indian,310.7,4,59.79,43.89,Debit Card,Delivered,29.0,2.0,24.08,MEAL20
ORD1083,2024-09-06 11:50:00,CUST140,Male,26,Ahmedabad,Curry Express,Biryani,567.14,2,40.75,51.91,Credit Card,Returned,,,0.0,MEAL20
ORD1084,2024-08-08 07:57:00,CUST311,Female,37,Lucknow,Tandoori Treat,Beverages,1222.53,2,183.35,24.5,Wallet,Delivered,16.0,5.0,35.13,ZOMATO50
ORD1085,2024-06-08 06:58:00,CUST461,Male,38,Lucknow,Curry Express,Continental,640.17,4,190.0,65.52,Wallet,Delivered,18.0,3.0,48.2,FIRSTORDER
ORD1086,2024-05-26 12:41:00,CUST851,Male,41,Bengaluru,Biryani House,North Indian,679.87,3,114.98,74.43,COD,Delivered,26.0,1.0,47.97,MEAL20
ORD1087,2024-07-14 11:27:00,CUST818,Female,25,Delhi,Chow Mein Corner,Desserts,1398.11,5,356.23,64.3,Credit Card,Delivered,34.0,1.0,38.99,ZOMATO100
ORD1088,2024-10-14 02:38:00,CUST396,Male,39,Lucknow,South Spice,South Indian,391.73,3,11.95,57.14,Debit Card,Delivered,36.0,2.0,6.87,FREEDL
ORD1089,2024-04-11 13:41:00,CUST187,Male,44,Lucknow,Curry Express,Fast Food,1242.45,4,358.62,55.16,Debit Card,Delivered,17.0,4.0,45.48,FIRSTORDER
ORD1090,2024-01-04 07:00:00,CUST428,Female,24,Kolkata,The Chaat Spot,Italian,1026.75,4,126.45,54.01,Credit Card,Delivered,59.0,3.0,37.95,FREEDL
ORD1091,2024-03-27 12:53:00,CUST402,Female,22,Ahmedabad,Tandoori Treat,Desserts,1285.21,2,20.5,65.38,Debit Card,Delivered,45.0,4.0,7.45,FREEDL
ORD1092,2024-05-26 02:53:00,CUST693,Female,28,Delhi,Pizza Nation,Desserts,1369.15,2,236.59,74.52,Wallet,Delivered,41.0,4.0,41.87,FIRSTORDER
ORD1093,2024-03-12 06:58:00,CUST833,Male,51,Lucknow,Burger Hub,South Indian,405.07,4,33.47,53.24,Credit Card,Returned,,,0.0,FREEDL
ORD1094,2024-01-18 22:52:00,CUST126,Male,32,Lucknow,Burger Hub,Fast Food,939.62,6,22.82,56.5,Debit Card,Delivered,44.0,2.0,3.83,ZOMATO50
ORD1095,2024-04-02 18:08:00,CUST956,Male,40,Kolkata,Pizza Nation,Desserts,1386.94,5,48.2,47.08,UPI,Delivered,60.0,,22.68,ZOMATO50
ORD1096,2024-08-07 00:04:00,CUST929,Male,42,Ahmedabad,The Chaat Spot,Italian,653.85,1,28.0,20.8,Credit Card,Delivered,41.0,1.0,7.35,FIRSTORDER
ORD1097,2024-02-10 09:09:00,CUST564,Female,39,Kolkata,Royal Sweets,Italian,417.45,4,79.04,65.8,Wallet,Delivered,16.0,3.0,2.35,MEAL20
ORD1098,2024-01-24 17:43:00,CUST160,Male,44,Bengaluru,Punjabi Zaika,Chinese,1358.1,2,231.59,75.71,Wallet,Delivered,36.0,3.0,16.11,FIRSTORDER
ORD1099,2024-06-18 17:47:00,CUST103,Male,23,Lucknow,Punjabi Zaika,South Indian,1296.95,1,112.06,71.92,Wallet,Delivered,57.0,,28.2,ZOMATO50
ORD1100,2024-07-01 23:28:00,CUST259,Female,37,Hyderabad,Biryani House,Beverages,247.49,6,6.25,61.15,Debit Card,Delivered,19.0,3.0,44.66,ZOMATO50
ORD1101,2024-01-03 11:44:00,CUST165,Male,29,Kolkata,Royal Sweets,Continental,440.82,2,27.22,76.41,Debit Card,Delivered,16.0,,20.29,ZOMATO100
ORD1102,2024-04-28 20:57:00,CUST616,Male,54,Delhi,Biryani House,Fast Food,1157.37,3,227.28,37.81,Debit Card,Delivered,19.0,2.0,27.46,FIRSTORDER
ORD1103,2024-06-02 07:48:00,CUST193,Male,44,Pune,South Spice,North Indian,1087.1,1,278.96,55.46,UPI,Delivered,21.0,3.0,30.34,ZOMATO50
ORD1104,2024-04-26 12:11:00,CUST912,Female,38,Lucknow,Royal Sweets,Desserts,1421.32,3,61.71,33.19,UPI,Delivered,52.0,4.0,46.72,ZOMATO100
ORD1105,2024-01-28 14:53:00,CUST858,Male,19,Lucknow,Royal Sweets,Fast Food,640.13,6,25.82,44.12,Wallet,Delivered,45.0,3.0,49.79,FREEDL
ORD1106,2024-03-01 15:40:00,CUST103,Male,26,Lucknow,The Chaat Spot,South Indian,186.76,2,51.46,73.04,Debit Card,Delivered,18.0,2.0,9.47,NONE
ORD1107,2024-05-05 22:31:00,CUST176,Female,48,Delhi,Tandoori Treat,Chinese,1191.02,2,322.66,51.23,UPI,Delivered,23.0,1.0,46.89,ZOMATO100
ORD1108,2024-09-04 00:45:00,CUST800,Male,34,Lucknow,Pizza Nation,Beverages,664.68,1,163.83,36.53,UPI,Delivered,32.0,3.0,0.1,FIRSTORDER
ORD1109,2024-01-21 17:21:00,CUST767,Male,32,Bengaluru,Curry Express,North Indian,410.8,4,93.32,23.49,Debit Card,Delivered,19.0,2.0,36.64,ZOMATO50
ORD1110,2024-03-09 10:32:00,CUST237,Male,28,Mumbai,Tandoori Treat,South Indian,326.76,4,24.47,43.88,Debit Card,Delivered,30.0,2.0,35.36,ZOMATO100
ORD1111,2024-07-22 16:59:00,CUST607,Male,48,Delhi,Tandoori Treat,Italian,1240.3,2,179.61,69.6,Debit Card,Delivered,19.0,2.0,38.79,FIRSTORDER
ORD1112,2024-03-18 21:26:00,CUST436,Female,52,Jaipur,Curry Express,Indian,780.17,1,110.9,73.66,Wallet,Cancelled,,,0.0,ZOMATO50
ORD1113,2024-07-21 12:51:00,CUST969,Female,24,Jaipur,Burger Hub,Fast Food,978.48,3,242.77,57.38,Wallet,Delivered,59.0,5.0,6.36,FREEDL
ORD1114,2024-05-22 22:31:00,CUST276,Female,25,Jaipur,South Spice,Biryani,449.05,2,119.44,62.94,UPI,Delivered,48.0,3.0,42.04,ZOMATO50
ORD1115,2024-04-28 19:47:00,CUST112,Female,28,Lucknow,Royal Sweets,Italian,1104.41,1,243.05,49.46,UPI,Delivered,50.0,3.0,0.51,FIRSTORDER
ORD1116,2024-05-19 07:40:00,CUST783,Male,31,Kolkata,Chow Mein Corner,Italian,1491.91,3,32.64,55.97,UPI,Delivered,35.0,4.0,47.63,MEAL20
ORD1117,2024-02-25 12:43:00,CUST189,Female,38,Pune,Biryani House,Desserts,1309.62,2,225.1,78.77,UPI,Returned,,,0.0,FIRSTORDER
ORD1118,2024-03-02 01:45:00,CUST786,Female,22,Bengaluru,Burger Hub,South Indian,1402.05,6,181.4,57.15,Wallet,Delivered,54.0,5.0,22.0,MEAL20
ORD1119,2024-02-11 11:20:00,CUST703,Male,53,Delhi,Tandoori Treat,North Indian,997.08,3,293.21,53.45,Credit Card,Delivered,41.0,3.0,1.11,FIRSTORDER
ORD1120,2024-07-11 12:13:00,CUST903,Female,28,Delhi,Curry Express,Indian,1035.93,6,74.33,61.29,Wallet,Delivered,60.0,2.0,1.2,NONE
ORD1121,2024-01-28 09:37:00,CUST984,Female,36,Ahmedabad,Royal Sweets,North Indian,391.75,5,42.07,73.07,Wallet,Delivered,26.0,4.0,37.05,MEAL20
ORD1122,2024-09-25 23:17:00,CUST998,Female,19,Jaipur,Royal Sweets,Fast Food,909.96,5,50.42,59.78,Debit Card,Delivered,45.0,3.0,25.88,NONE
ORD1123,2024-05-26 11:48:00,CUST286,Female,44,Hyderabad,Punjabi Zaika,Biryani,288.1,3,39.13,78.7,UPI,Delivered,58.0,1.0,33.53,FREEDL
ORD1124,2024-04-13 23:52:00,CUST681,Female,35,Ahmedabad,Curry Express,Indian,270.34,4,20.03,70.5,Credit Card,Delivered,59.0,2.0,47.81,NONE
ORD1125,2024-07-24 22:10:00,CUST561,Female,41,Delhi,Curry Express,Indian,1041.06,6,237.62,71.2,Debit Card,Returned,,,0.0,ZOMATO100
ORD1126,2024-05-29 23:42:00,CUST400,Female,31,Ahmedabad,Chow Mein Corner,South Indian,335.46,6,95.85,32.34,Credit Card,Delivered,22.0,2.0,4.95,MEAL20
ORD1127,2024-03-11 09:47:00,CUST543,Male,33,Chennai,The Chaat Spot,Italian,738.38,4,88.77,50.75,Credit Card,Delivered,57.0,,27.84,NONE
ORD1128,2024-06-16 02:59:00,CUST176,Male,48,Mumbai,Royal Sweets,Continental,907.37,4,88.69,57.19,UPI,Delivered,23.0,,46.44,ZOMATO100
ORD1129,2024-10-22 06:30:00,CUST641,Male,54,Hyderabad,Pizza Nation,Continental,240.68,1,66.46,67.16,COD,Delivered,50.0,1.0,38.18,NONE
ORD1130,2024-08-05 17:51:00,CUST247,Male,21,Mumbai,Pizza Nation,Desserts,907.56,5,232.22,66.93,COD,Delivered,21.0,5.0,31.62,FREEDL
ORD1131,2024-06-14 18:20:00,CUST694,Male,27,Delhi,Punjabi Zaika,South Indian,638.69,1,186.19,62.31,COD,Cancelled,,,0.0,FIRSTORDER
ORD1132,2024-07-26 15:36:00,CUST760,Female,29,Mumbai,Biryani House,Fast Food,857.2,5,73.36,45.93,COD,Delivered,32.0,4.0,46.23,ZOMATO50
ORD1133,2024-04-24 21:17:00,CUST445,Female,45,Hyderabad,South Spice,Chinese,815.67,6,236.96,54.94,COD,Delivered,23.0,3.0,3.18,FREEDL
ORD1134,2024-05-19 21:42:00,CUST323,Male,21,Bengaluru,Biryani House,Fast Food,1075.74,6,119.48,45.04,Wallet,Delivered,20.0,1.0,1.29,MEAL20
ORD1135,2024-09-19 11:09:00,CUST385,Female,22,Bengaluru,Curry Express,South Indian,489.84,6,14.44,56.31,COD,Delivered,29.0,2.0,48.48,ZOMATO100
ORD1136,2024-01-31 10:13:00,CUST937,Male,32,Bengaluru,Tandoori Treat,Desserts,578.52,5,120.36,76.96,Credit Card,Delivered,59.0,2.0,26.95,ZOMATO100
ORD1137,2024-07-20 20:34:00,CUST625,Female,33,Pune,South Spice,Continental,855.19,1,86.8,74.7,UPI,Delivered,54.0,3.0,47.78,ZOMATO50
ORD1138,2024-03-04 02:50:00,CUST895,Female,25,Kolkata,Royal Sweets,Chinese,401.58,4,65.63,47.96,Credit Card,Delivered,49.0,5.0,9.91,MEAL20
ORD1139,2024-07-04 17:02:00,CUST273,Male,32,Pune,Chow Mein Corner,Chinese,825.08,5,120.96,55.2,UPI,Delivered,23.0,4.0,2.71,ZOMATO50
ORD1140,2024-01-18 20:25:00,CUST985,Female,41,Mumbai,The Chaat Spot,Beverages,920.79,1,51.18,37.18,Debit Card,Delivered,15.0,1.0,46.38,NONE
ORD1141,2024-06-19 04:33:00,CUST240,Female,19,Mumbai,The Chaat Spot,South Indian,972.82,1,87.87,22.16,UPI,Delivered,39.0,2.0,23.92,FREEDL
ORD1142,2024-04-23 02:38:00,CUST959,Female,52,Lucknow,Punjabi Zaika,South Indian,883.97,6,55.75,74.91,COD,Delivered,27.0,1.0,49.12,FIRSTORDER
ORD1143,2024-07-21 00:10:00,CUST637,Male,46,Chennai,The Chaat Spot,Beverages,397.4,2,83.08,73.86,UPI,Delivered,26.0,4.0,4.54,FREEDL
ORD1144,2024-01-27 17:45:00,CUST655,Male,23,Jaipur,Pizza Nation,Fast Food,1195.52,6,338.27,32.28,COD,Delivered,37.0,5.0,25.11,FREEDL
ORD1145,2024-04-06 09:42:00,CUST824,Male,41,Hyderabad,Pizza Nation,North Indian,1044.7,5,72.13,26.89,UPI,Delivered,45.0,5.0,45.95,FIRSTORDER
ORD1146,2024-09-03 00:20:00,CUST468,Male,25,Pune,Chow Mein Corner,Beverages,432.07,4,127.62,32.25,Credit Card,Delivered,57.0,2.0,4.45,FREEDL
ORD1147,2024-02-18 12:35:00,CUST887,Male,48,Lucknow,Chow Mein Corner,Italian,159.14,6,33.8,76.63,COD,Delivered,52.0,2.0,34.99,ZOMATO100
ORD1148,2024-01-02 17:05:00,CUST794,Male,45,Pune,Chow Mein Corner,Continental,318.81,6,26.03,61.02,Wallet,Cancelled,,,0.0,ZOMATO100
ORD1149,2024-10-09 13:46:00,CUST375,Female,39,Chennai,Punjabi Zaika,South Indian,994.73,3,136.04,21.22,Credit Card,Delivered,52.0,2.0,11.06,ZOMATO100
ORD1150,2024-09-01 08:36:00,CUST955,Female,25,Lucknow,Curry Express,South Indian,1346.55,2,111.71,68.77,Credit Card,Delivered,58.0,5.0,25.04,MEAL20
ORD1151,2024-03-04 09:19:00,CUST870,Female,29,Delhi,The Chaat Spot,Fast Food,1451.81,6,273.39,37.85,Wallet,Delivered,15.0,2.0,35.35,FIRSTORDER
ORD1152,2024-03-01 14:35:00,CUST141,Male,53,Pune,South Spice,South Indian,1260.35,1,239.85,40.5,Wallet,Delivered,34.0,4.0,16.14,MEAL20
ORD1153,2024-03-04 06:36:00,CUST391,Male,39,Chennai,Pizza Nation,Desserts,961.0,6,188.54,49.41,Debit Card,Delivered,50.0,2.0,42.92,MEAL20
ORD1154,2024-07-26 12:52:00,CUST130,Male,26,Jaipur,South Spice,Indian,635.81,1,156.29,79.2,UPI,Delivered,56.0,3.0,24.17,NONE
ORD1155,2024-08-15 08:02:00,CUST511,Female,28,Kolkata,Punjabi Zaika,Fast Food,170.5,5,39.11,67.17,COD,Delivered,57.0,,30.93,MEAL20
ORD1156,2024-04-28 16:41:00,CUST820,Female,20,Jaipur,Pizza Nation,Indian,594.95,6,164.12,68.78,Credit Card,Delivered,16.0,5.0,39.88,ZOMATO100
ORD1157,2024-03-07 06:49:00,CUST442,Male,33,Pune,South Spice,South Indian,1219.43,2,174.05,64.13,Credit Card,Delivered,51.0,5.0,1.64,MEAL20
ORD1158,2024-01-21 03:06:00,CUST792,Female,44,Delhi,Pizza Nation,North Indian,844.68,3,6.86,56.3,Wallet,Delivered,30.0,1.0,29.72,ZOMATO50
ORD1159,2024-01-26 22:38:00,CUST367,Female,49,Chennai,The Chaat Spot,Beverages,384.59,6,59.38,59.52,COD,Delivered,40.0,,1.81,MEAL20
ORD1160,2024-08-04 22:14:00,CUST571,Female,24,Chennai,Punjabi Zaika,Continental,204.88,6,20.12,75.99,Debit Card,Delivered,17.0,4.0,33.54,FREEDL
ORD1161,2024-03-31 20:11:00,CUST493,Male,19,Jaipur,Pizza Nation,Fast Food,328.75,6,8.06,21.66,UPI,Returned,,,0.0,FREEDL
ORD1162,2024-03-08 23:45:00,CUST589,Female,54,Pune,Royal Sweets,Continental,492.29,5,140.74,50.19,Debit Card,Delivered,22.0,4.0,23.53,FIRSTORDER
ORD1163,2024-01-29 01:27:00,CUST457,Male,41,Delhi,South Spice,Chinese,1154.28,4,60.3,20.55,UPI,Delivered,55.0,3.0,30.14,ZOMATO100
ORD1164,2024-09-23 23:21:00,CUST515,Male,29,Kolkata,Royal Sweets,Beverages,550.54,4,80.98,25.96,Debit Card,Delivered,32.0,2.0,42.63,NONE
ORD1165,2024-06-08 17:43:00,CUST415,Female,38,Kolkata,Royal Sweets,Indian,1260.57,5,257.43,30.45,Wallet,Delivered,25.0,2.0,30.88,MEAL20
ORD1166,2024-04-05 13:09:00,CUST208,Female,44,Mumbai,Burger Hub,North Indian,706.29,1,65.46,47.41,Wallet,Delivered,47.0,5.0,46.09,MEAL20
ORD1167,2024-07-06 19:03:00,CUST410,Male,29,Kolkata,Burger Hub,Biryani,1224.3,3,29.21,66.86,Wallet,Delivered,39.0,2.0,43.16,NONE
ORD1168,2024-03-06 03:59:00,CUST767,Female,40,Mumbai,Punjabi Zaika,North Indian,847.68,1,13.26,32.27,COD,Delivered,43.0,4.0,40.49,MEAL20
ORD1169,2024-02-04 10:55:00,CUST251,Male,43,Kolkata,Royal Sweets,North Indian,1282.29,3,357.8,43.28,Credit Card,Delivered,33.0,3.0,33.92,NONE
ORD1170,2024-06-16 09:16:00,CUST216,Male,31,Bengaluru,Royal Sweets,Fast Food,458.66,2,75.17,70.73,UPI,Delivered,53.0,,12.28,MEAL20
ORD1171,2024-04-17 18:59:00,CUST170,Female,22,Delhi,Royal Sweets,Indian,1062.83,5,184.83,45.37,COD,Delivered,41.0,2.0,44.47,ZOMATO50
ORD1172,2024-09-13 02:06:00,CUST994,Female,47,Jaipur,Punjabi Zaika,Italian,1011.19,4,22.92,22.5,UPI,Delivered,27.0,3.0,20.37,MEAL20
ORD1173,2024-03-19 16:06:00,CUST835,Male,43,Bengaluru,The Chaat Spot,Continental,609.79,5,163.94,78.95,Credit Card,Delivered,37.0,3.0,20.6,ZOMATO50
ORD1174,2024-05-31 08:28:00,CUST449,Female,19,Lucknow,Chow Mein Corner,Indian,804.91,3,71.29,51.92,Debit Card,Delivered,36.0,2.0,3.44,MEAL20
ORD1175,2024-10-17 17:47:00,CUST515,Male,30,Bengaluru,Royal Sweets,North Indian,461.1,2,79.27,50.99,Debit Card,Delivered,34.0,4.0,45.68,NONE
ORD1176,2024-01-25 04:19:00,CUST814,Male,50,Bengaluru,Punjabi Zaika,Desserts,1298.05,2,82.2,48.88,COD,Delivered,17.0,1.0,9.83,ZOMATO50
ORD1177,2024-06-06 20:50:00,CUST310,Male,28,Lucknow,Curry Express,Beverages,702.89,3,128.51,78.27,Debit Card,Delivered,34.0,1.0,1.17,FREEDL
ORD1178,2024-07-30 21:01:00,CUST801,Female,19,Chennai,Tandoori Treat,Indian,271.84,4,23.24,77.64,UPI,Returned,,,0.0,FREEDL
ORD1179,2024-01-19 21:45:00,CUST929,Female,30,Lucknow,Burger Hub,South Indian,412.93,5,56.82,73.92,Wallet,Delivered,46.0,1.0,2.05,ZOMATO50
ORD1180,2024-07-25 02:03:00,CUST837,Male,34,Kolkata,Pizza Nation,Italian,172.58,5,34.37,69.91,Debit Card,Delivered,39.0,5.0,14.82,NONE
ORD1181,2024-02-06 16:02:00,CUST242,Male,36,Hyderabad,Punjabi Zaika,South Indian,506.02,1,93.4,22.96,Debit Card,Delivered,22.0,4.0,2.69,NONE
ORD1182,2024-09-28 19:27:00,CUST210,Male,24,Delhi,Punjabi Zaika,Chinese,161.82,5,45.27,33.62,Credit Card,Delivered,31.0,4.0,39.07,FIRSTORDER
ORD1183,2024-06-07 18:18:00,CUST394,Female,46,Kolkata,Royal Sweets,Chinese,224.62,3,52.97,24.23,UPI,Delivered,25.0,4.0,14.85,MEAL20
ORD1184,2024-04-30 01:16:00,CUST238,Female,33,Hyderabad,The Chaat Spot,Indian,1076.51,3,288.63,41.31,Wallet,Delivered,24.0,,16.57,NONE
ORD1185,2024-10-02 18:38:00,CUST375,Female,27,Hyderabad,Burger Hub,Italian,727.87,4,35.77,43.15,COD,Delivered,26.0,1.0,15.36,ZOMATO100
ORD1186,2024-06-20 05:24:00,CUST153,Female,55,Jaipur,Pizza Nation,Beverages,349.53,2,27.61,31.91,Wallet,Delivered,53.0,4.0,11.85,ZOMATO50
ORD1187,2024-02-15 05:31:00,CUST785,Female,35,Delhi,Biryani House,Continental,345.57,4,102.17,73.29,UPI,Delivered,37.0,5.0,49.25,ZOMATO50
ORD1188,2024-05-14 13:42:00,CUST279,Male,28,Chennai,South Spice,Desserts,1482.13,2,233.86,79.36,UPI,Delivered,36.0,1.0,45.51,ZOMATO50
ORD1189,2024-10-26 11:11:00,CUST891,Male,39,Hyderabad,Curry Express,Continental,574.5,6,67.99,31.4,COD,Delivered,50.0,3.0,44.58,FREEDL
ORD1190,2024-10-02 03:45:00,CUST156,Male,36,Delhi,Curry Express,Italian,1351.17,4,39.59,30.67,Debit Card,Delivered,15.0,1.0,36.17,MEAL20
ORD1191,2024-06-09 01:55:00,CUST792,Female,48,Hyderabad,Punjabi Zaika,Biryani,351.07,3,14.73,49.79,Wallet,Delivered,44.0,1.0,47.41,FREEDL
ORD1192,2024-06-24 22:04:00,CUST326,Male,29,Kolkata,Tandoori Treat,Indian,1450.33,6,255.95,62.93,Credit Card,Delivered,25.0,5.0,43.37,ZOMATO100
ORD1193,2024-06-09 06:53:00,CUST237,Male,31,Jaipur,Burger Hub,Fast Food,1162.98,5,240.31,33.86,COD,Returned,,,0.0,MEAL20
ORD1194,2024-10-25 06:32:00,CUST711,Male,48,Delhi,Curry Express,Italian,1410.34,5,112.56,50.41,Wallet,Delivered,37.0,1.0,43.84,FREEDL
ORD1195,2024-04-21 22:31:00,CUST676,Female,33,Chennai,Curry Express,South Indian,1303.0,3,36.85,21.93,Wallet,Delivered,27.0,4.0,41.38,ZOMATO50
ORD1196,2024-03-16 22:36:00,CUST261,Female,51,Lucknow,Chow Mein Corner,Biryani,1153.65,1,237.21,60.38,Debit Card,Delivered,59.0,2.0,33.47,FREEDL
ORD1197,2024-09-13 02:07:00,CUST812,Male,43,Kolkata,Punjabi Zaika,Biryani,1130.37,3,66.88,45.75,Credit Card,Delivered,55.0,5.0,39.85,FREEDL
ORD1198,2024-01-16 18:57:00,CUST862,Male,30,Lucknow,Curry Express,South Indian,1453.04,6,41.23,48.03,UPI,Delivered,15.0,5.0,47.25,ZOMATO50
ORD1199,2024-01-13 03:50:00,CUST368,Male,42,Delhi,Burger Hub,South Indian,1161.64,3,274.41,42.98,Credit Card,Delivered,16.0,3.0,36.67,FREEDL
ORD1200,2024-01-21 17:28:00,CUST725,Male,52,Chennai,Curry Express,Continental,575.61,6,87.7,61.61,Debit Card,Cancelled,,,0.0,NONE
ORD1201,2024-07-08 04:35:00,CUST655,Male,29,Lucknow,Curry Express,North Indian,402.62,3,78.64,66.96,COD,Delivered,27.0,5.0,37.48,ZOMATO100
ORD1202,2024-05-10 05:28:00,CUST613,Female,54,Jaipur,South Spice,Italian,231.13,5,40.29,49.53,UPI,Delivered,36.0,5.0,7.13,FIRSTORDER
ORD1203,2024-08-18 15:40:00,CUST853,Female,34,Lucknow,Pizza Nation,Desserts,1388.11,1,27.57,66.8,Wallet,Delivered,16.0,,18.96,FREEDL
ORD1204,2024-04-09 17:38:00,CUST451,Male,53,Hyderabad,South Spice,Desserts,978.36,3,288.57,57.49,Wallet,Delivered,18.0,3.0,38.3,ZOMATO100
ORD1205,2024-06-13 06:25:00,CUST374,Female,25,Bengaluru,Burger Hub,Italian,1005.62,6,185.53,66.36,Wallet,Delivered,30.0,4.0,27.86,NONE
ORD1206,2024-05-31 03:22:00,CUST730,Male,55,Lucknow,Tandoori Treat,Indian,1001.43,2,226.41,34.33,COD,Delivered,31.0,,12.37,ZOMATO100
ORD1207,2024-05-09 01:46:00,CUST832,Male,35,Pune,Burger Hub,Biryani,386.44,2,76.96,63.47,Wallet,Delivered,39.0,5.0,7.76,ZOMATO100
ORD1208,2024-02-11 10:37:00,CUST792,Female,53,Lucknow,Chow Mein Corner,Biryani,640.95,3,161.27,44.55,UPI,Delivered,32.0,5.0,38.38,ZOMATO100
ORD1209,2024-03-06 11:36:00,CUST552,Male,46,Kolkata,Burger Hub,Italian,524.87,6,115.73,60.78,COD,Delivered,52.0,,9.54,ZOMATO50
ORD1210,2024-08-20 17:42:00,CUST574,Male,38,Mumbai,Chow Mein Corner,Continental,1124.14,3,238.94,51.16,Debit Card,Delivered,40.0,2.0,24.73,ZOMATO50
ORD1211,2024-01-22 18:00:00,CUST450,Female,31,Pune,Tandoori Treat,Biryani,1246.2,6,81.6,53.08,COD,Delivered,54.0,4.0,49.63,FIRSTORDER
ORD1212,2024-10-13 04:13:00,CUST616,Male,39,Lucknow,Curry Express,South Indian,1437.04,5,282.27,37.06,Credit Card,Delivered,19.0,5.0,25.17,ZOMATO100
ORD1213,2024-01-18 00:12:00,CUST606,Male,33,Delhi,Royal Sweets,Biryani,810.89,1,201.74,28.31,Debit Card,Delivered,25.0,3.0,46.05,MEAL20
ORD1214,2024-06-02 11:20:00,CUST116,Female,46,Ahmedabad,Pizza Nation,Continental,879.17,2,61.0,67.3,UPI,Delivered,31.0,2.0,49.74,FREEDL
ORD1215,2024-02-14 18:49:00,CUST990,Male,34,Lucknow,The Chaat Spot,Beverages,493.72,2,5.43,77.1,Credit Card,Delivered,35.0,5.0,31.54,NONE
ORD1216,2024-03-04 01:07:00,CUST895,Female,48,Kolkata,South Spice,Biryani,771.93,1,39.38,64.18,Debit Card,Delivered,38.0,5.0,29.67,FREEDL
ORD1217,2024-08-16 14:42:00,CUST704,Female,40,Chennai,Punjabi Zaika,Biryani,1069.37,3,173.64,52.89,Debit Card,Delivered,51.0,3.0,16.75,NONE
ORD1218,2024-08-11 07:49:00,CUST377,Female,38,Lucknow,Burger Hub,South Indian,291.5,5,71.59,64.54,Wallet,Returned,,,0.0,ZOMATO50
ORD1219,2024-07-02 17:07:00,CUST856,Female,47,Bengaluru,The Chaat Spot,Beverages,1103.83,5,205.54,42.53,UPI,Delivered,57.0,4.0,13.47,ZOMATO100
ORD1220,2024-09-30 18:02:00,CUST618,Male,53,Ahmedabad,Punjabi Zaika,Italian,614.96,5,98.09,31.98,Debit Card,Delivered,28.0,5.0,18.88,MEAL20
ORD1221,2024-07-19 08:09:00,CUST797,Female,39,Hyderabad,The Chaat Spot,Chinese,777.54,2,121.67,41.51,COD,Delivered,38.0,1.0,8.86,FIRSTORDER
ORD1222,2024-02-12 13:15:00,CUST144,Female,49,Hyderabad,South Spice,Desserts,717.42,6,8.83,41.21,COD,Delivered,22.0,3.0,46.75,ZOMATO50
ORD1223,2024-05-11 14:41:00,CUST728,Male,40,Delhi,Curry Express,Beverages,715.03,4,71.61,57.57,Debit Card,Delivered,45.0,1.0,22.13,MEAL20
ORD1224,2024-09-11 13:43:00,CUST311,Male,52,Pune,Curry Express,Continental,1004.28,1,4.19,66.64,Debit Card,Delivered,18.0,1.0,6.83,FREEDL
ORD1225,2024-07-19 20:12:00,CUST284,Female,53,Kolkata,Biryani House,Chinese,767.58,3,100.2,58.62,COD,Delivered,33.0,2.0,44.01,FIRSTORDER
ORD1226,2024-05-16 20:33:00,CUST210,Male,38,Lucknow,Curry Express,Continental,827.4,2,78.58,43.24,Wallet,Cancelled,,,0.0,FREEDL
ORD1227,2024-09-29 03:38:00,CUST494,Female,26,Chennai,Biryani House,Beverages,774.18,4,54.15,74.89,Debit Card,Delivered,48.0,2.0,6.87,FIRSTORDER
ORD1228,2024-07-12 10:31:00,CUST398,Female,21,Kolkata,South Spice,South Indian,1110.68,5,148.96,54.0,COD,Delivered,19.0,1.0,31.95,ZOMATO100
ORD1229,2024-09-06 16:39:00,CUST999,Male,46,Chennai,Biryani House,Desserts,586.86,3,28.63,43.33,UPI,Cancelled,,,0.0,MEAL20
ORD1230,2024-10-26 23:37:00,CUST493,Male,39,Jaipur,Punjabi Zaika,Italian,789.57,2,97.9,39.72,UPI,Delivered,36.0,3.0,23.51,ZOMATO100
ORD1231,2024-06-22 16:02:00,CUST715,Female,45,Pune,Tandoori Treat,Chinese,1390.47,6,332.3,75.95,Debit Card,Delivered,26.0,3.0,0.93,ZOMATO100
ORD1232,2024-07-16 11:46:00,CUST605,Female,27,Hyderabad,Pizza Nation,Indian,1363.61,1,157.23,58.14,Credit Card,Delivered,57.0,4.0,25.95,FREEDL
ORD1233,2024-09-10 06:27:00,CUST579,Female,26,Ahmedabad,Tandoori Treat,Biryani,1463.67,1,291.23,77.86,Credit Card,Delivered,43.0,4.0,42.61,ZOMATO50
ORD1234,2024-07-30 14:03:00,CUST387,Male,20,Bengaluru,Pizza Nation,North Indian,298.87,3,82.73,61.59,Wallet,Delivered,20.0,1.0,16.05,FREEDL
ORD1235,2024-06-09 23:47:00,CUST950,Female,19,Ahmedabad,Pizza Nation,Chinese,1423.38,3,19.78,25.43,COD,Delivered,44.0,2.0,11.63,MEAL20
ORD1236,2024-01-26 07:21:00,CUST654,Female,32,Delhi,South Spice,Desserts,436.5,4,101.79,73.02,Wallet,Delivered,19.0,5.0,27.77,FREEDL
ORD1237,2024-01-07 15:36:00,CUST215,Male,20,Kolkata,The Chaat Spot,Chinese,736.69,5,44.53,63.89,Credit Card,Delivered,21.0,3.0,21.73,ZOMATO100
ORD1238,2024-04-16 18:23:00,CUST452,Female,54,Hyderabad,Pizza Nation,North Indian,1340.79,2,7.75,27.07,UPI,Delivered,51.0,3.0,3.4,FIRSTORDER
ORD1239,2024-07-01 07:14:00,CUST655,Female,22,Delhi,Burger Hub,Desserts,1284.95,1,192.3,63.5,Debit Card,Delivered,39.0,5.0,12.14,NONE
ORD1240,2024-09-03 00:01:00,CUST367,Male,32,Kolkata,Pizza Nation,Biryani,963.65,4,242.92,52.15,Wallet,Delivered,23.0,1.0,17.24,NONE
ORD1241,2024-07-04 02:31:00,CUST340,Female,34,Lucknow,Curry Express,Desserts,1067.79,3,308.26,53.0,UPI,Delivered,28.0,1.0,32.89,FIRSTORDER
ORD1242,2024-10-24 07:08:00,CUST419,Male,51,Pune,Tandoori Treat,Chinese,1132.66,3,285.39,58.94,Wallet,Delivered,57.0,5.0,49.97,MEAL20
ORD1243,2024-06-03 05:18:00,CUST821,Female,43,Chennai,Punjabi Zaika,North Indian,1052.59,1,43.62,29.44,Credit Card,Delivered,42.0,4.0,2.59,MEAL20
ORD1244,2024-05-30 19:32:00,CUST119,Male,36,Delhi,Punjabi Zaika,Italian,830.12,2,196.49,39.66,UPI,Delivered,17.0,2.0,20.32,MEAL20
ORD1245,2024-07-23 13:33:00,CUST267,Male,55,Bengaluru,Royal Sweets,Continental,885.88,1,249.37,34.72,UPI,Returned,,,0.0,ZOMATO100
ORD1246,2024-04-11 06:26:00,CUST976,Male,27,Pune,Punjabi Zaika,Indian,1394.02,2,416.76,78.28,Credit Card,Delivered,16.0,3.0,34.28,ZOMATO50
ORD1247,2024-02-06 20:13:00,CUST598,Female,50,Delhi,Punjabi Zaika,Italian,612.17,1,103.56,25.48,Wallet,Delivered,40.0,,42.05,MEAL20
ORD1248,2024-10-26 13:19:00,CUST122,Female,52,Ahmedabad,The Chaat Spot,Biryani,208.27,2,0.89,37.69,Wallet,Delivered,57.0,5.0,45.84,NONE
ORD1249,2024-07-06 11:39:00,CUST453,Female,42,Bengaluru,Tandoori Treat,Fast Food,293.4,6,37.03,58.89,COD,Delivered,39.0,3.0,4.21,FREEDL
ORD1250,2024-04-15 08:02:00,CUST780,Male,47,Jaipur,Curry Express,Beverages,1134.88,5,305.24,35.55,Debit Card,Delivered,30.0,3.0,10.36,ZOMATO50
ORD1251,2024-05-01 23:23:00,CUST752,Female,24,Kolkata,The Chaat Spot,North Indian,1269.08,1,214.13,34.65,Credit Card,Delivered,15.0,1.0,32.09,FREEDL
ORD1252,2024-07-18 09:52:00,CUST344,Male,48,Lucknow,Chow Mein Corner,Chinese,991.28,6,238.24,55.26,COD,Delivered,15.0,1.0,18.67,ZOMATO50
ORD1253,2024-08-24 17:21:00,CUST847,Female,27,Jaipur,Curry Express,Italian,1367.16,1,204.18,65.21,UPI,Delivered,17.0,5.0,2.68,ZOMATO100
ORD1254,2024-07-16 21:46:00,CUST736,Female,41,Chennai,South Spice,North Indian,949.08,3,151.63,63.83,Credit Card,Delivered,32.0,3.0,48.9,ZOMATO100
ORD1255,2024-01-05 00:13:00,CUST767,Male,23,Ahmedabad,The Chaat Spot,Beverages,1059.52,6,272.44,74.54,Debit Card,Delivered,33.0,4.0,18.99,NONE
ORD1256,2024-03-16 09:43:00,CUST135,Female,28,Lucknow,Curry Express,South Indian,1408.05,1,372.78,57.94,Credit Card,Delivered,45.0,,16.3,ZOMATO100
ORD1257,2024-06-23 17:50:00,CUST508,Female,30,Bengaluru,Tandoori Treat,Desserts,1283.78,4,80.01,60.02,Credit Card,Delivered,57.0,3.0,29.95,FREEDL
ORD1258,2024-03-31 20:26:00,CUST528,Male,28,Pune,Tandoori Treat,Biryani,1076.36,5,301.24,32.74,UPI,Returned,,,0.0,NONE
ORD1259,2024-08-08 11:31:00,CUST252,Female,54,Pune,Curry Express,Biryani,660.17,1,19.61,64.52,Credit Card,Delivered,57.0,4.0,34.13,NONE
ORD1260,2024-02-27 10:30:00,CUST923,Male,29,Hyderabad,Chow Mein Corner,Continental,187.24,5,24.89,70.73,UPI,Delivered,46.0,5.0,20.27,NONE
ORD1261,2024-05-03 20:48:00,CUST347,Male,46,Delhi,Pizza Nation,Biryani,1105.38,5,303.54,59.2,UPI,Delivered,35.0,2.0,49.54,FIRSTORDER
ORD1262,2024-02-09 07:14:00,CUST231,Male,36,Kolkata,Curry Express,North Indian,1324.91,3,380.46,28.24,Debit Card,Delivered,47.0,1.0,37.77,FREEDL
ORD1263,2024-09-24 09:19:00,CUST762,Male,44,Lucknow,Punjabi Zaika,Fast Food,832.48,3,15.34,64.74,Credit Card,Delivered,53.0,4.0,16.0,ZOMATO100
ORD1264,2024-10-01 23:01:00,CUST817,Female,27,Ahmedabad,South Spice,Italian,794.82,4,216.31,35.53,UPI,Cancelled,,,0.0,NONE
ORD1265,2024-04-11 16:35:00,CUST948,Male,34,Hyderabad,Punjabi Zaika,Continental,228.26,2,19.74,70.67,Credit Card,Delivered,42.0,5.0,38.79,FIRSTORDER
ORD1266,2024-06-01 21:23:00,CUST803,Female,53,Jaipur,Pizza Nation,Desserts,742.24,1,188.51,38.43,COD,Delivered,35.0,1.0,45.55,ZOMATO100
ORD1267,2024-08-07 21:29:00,CUST709,Female,39,Ahmedabad,Royal Sweets,Italian,934.36,6,62.72,69.47,Debit Card,Delivered,26.0,1.0,28.51,ZOMATO100
ORD1268,2024-05-09 22:55:00,CUST147,Male,49,Ahmedabad,Pizza Nation,Continental,1384.34,1,383.06,45.24,COD,Delivered,46.0,,41.28,NONE
ORD1269,2024-04-18 01:49:00,CUST786,Male,36,Bengaluru,Curry Express,Continental,1386.23,1,64.93,39.02,Debit Card,Delivered,25.0,3.0,31.59,ZOMATO50
ORD1270,2024-05-14 06:07:00,CUST970,Male,27,Pune,Chow Mein Corner,Continental,1450.97,2,138.64,38.2,UPI,Delivered,49.0,1.0,6.73,ZOMATO100
ORD1271,2024-02-29 09:47:00,CUST189,Male,51,Delhi,The Chaat Spot,Fast Food,816.76,2,185.61,74.75,Debit Card,Delivered,27.0,,5.82,NONE
ORD1272,2024-05-01 06:05:00,CUST692,Female,30,Hyderabad,Royal Sweets,Biryani,956.17,5,11.04,68.52,Wallet,Delivered,34.0,,30.75,FIRSTORDER
ORD1273,2024-03-05 06:00:00,CUST994,Male,20,Ahmedabad,Curry Express,Desserts,806.89,6,178.24,68.53,Wallet,Delivered,58.0,5.0,23.2,ZOMATO100
ORD1274,2024-05-15 20:43:00,CUST114,Male,35,Chennai,Biryani House,Chinese,1119.6,5,294.49,34.69,Credit Card,Cancelled,,,0.0,NONE
ORD1275,2024-04-18 10:10:00,CUST533,Female,41,Hyderabad,Royal Sweets,Indian,229.83,6,14.95,69.9,Wallet,Delivered,23.0,3.0,11.91,FIRSTORDER
ORD1276,2024-03-02 01:37:00,CUST296,Male,36,Bengaluru,Pizza Nation,Indian,1418.01,5,411.5,58.3,COD,Delivered,40.0,4.0,3.89,ZOMATO100
ORD1277,2024-07-09 12:43:00,CUST738,Female,31,Bengaluru,Curry Express,Continental,874.69,4,106.67,72.64,Wallet,Delivered,56.0,,26.47,ZOMATO100
ORD1278,2024-07-24 13:38:00,CUST410,Female,28,Chennai,Curry Express,Fast Food,853.66,1,22.72,57.45,COD,Delivered,51.0,,21.75,FREEDL
ORD1279,2024-05-30 07:14:00,CUST971,Male,31,Chennai,South Spice,Beverages,991.08,6,205.99,42.18,Debit Card,Delivered,15.0,4.0,24.2,NONE
ORD1280,2024-03-23 19:30:00,CUST756,Female,25,Pune,Punjabi Zaika,Beverages,238.84,3,40.41,66.58,Credit Card,Delivered,60.0,3.0,45.79,ZOMATO50
ORD1281,2024-08-19 19:22:00,CUST168,Male,39,Hyderabad,South Spice,Fast Food,556.62,2,43.01,56.31,Debit Card,Delivered,16.0,5.0,13.47,ZOMATO50
ORD1282,2024-05-23 08:00:00,CUST795,Female,50,Hyderabad,Pizza Nation,Beverages,155.39,5,5.49,65.45,Credit Card,Delivered,37.0,1.0,13.59,FREEDL
ORD1283,2024-09-11 11:26:00,CUST287,Female,28,Kolkata,South Spice,Fast Food,423.73,5,1.71,44.61,Credit Card,Delivered,50.0,2.0,41.15,MEAL20
ORD1284,2024-09-21 15:56:00,CUST886,Male,39,Hyderabad,The Chaat Spot,Italian,477.43,1,122.29,59.08,Wallet,Delivered,41.0,4.0,24.34,FREEDL
ORD1285,2024-08-04 00:08:00,CUST366,Male,33,Jaipur,Chow Mein Corner,Beverages,237.33,4,30.35,21.69,Credit Card,Delivered,37.0,,20.35,ZOMATO100
ORD1286,2024-01-04 06:39:00,CUST168,Male,41,Kolkata,Biryani House,Indian,398.25,5,58.7,20.44,Credit Card,Delivered,36.0,4.0,16.87,ZOMATO100
ORD1287,2024-09-08 06:48:00,CUST229,Male,29,Chennai,Chow Mein Corner,Italian,1414.76,5,255.27,57.89,COD,Delivered,29.0,4.0,38.51,ZOMATO50
ORD1288,2024-04-15 20:40:00,CUST731,Male,44,Ahmedabad,Chow Mein Corner,Desserts,656.21,1,114.5,63.78,UPI,Delivered,30.0,3.0,24.68,MEAL20
ORD1289,2024-10-25 10:43:00,CUST523,Female,32,Bengaluru,Pizza Nation,Fast Food,1219.4,4,339.7,59.22,Debit Card,Delivered,40.0,2.0,18.14,FREEDL
ORD1290,2024-10-14 12:52:00,CUST918,Female,36,Chennai,Burger Hub,Beverages,666.24,2,77.71,76.56,COD,Cancelled,,,0.0,ZOMATO100
ORD1291,2024-10-24 18:10:00,CUST731,Female,27,Pune,Curry Express,South Indian,1365.96,1,33.93,42.54,Credit Card,Delivered,32.0,4.0,15.53,FREEDL
ORD1292,2024-08-11 07:22:00,CUST338,Female,30,Chennai,Royal Sweets,Continental,1120.19,4,284.49,33.09,Credit Card,Delivered,21.0,2.0,12.27,FIRSTORDER
ORD1293,2024-10-21 21:16:00,CUST893,Male,39,Mumbai,Pizza Nation,Desserts,1143.2,1,222.0,58.18,Wallet,Delivered,30.0,4.0,10.19,MEAL20
ORD1294,2024-09-24 20:30:00,CUST118,Male,20,Ahmedabad,Chow Mein Corner,Biryani,1086.81,2,65.16,50.53,UPI,Delivered,46.0,3.0,20.95,NONE
ORD1295,2024-05-29 08:29:00,CUST213,Female,20,Lucknow,Chow Mein Corner,South Indian,158.21,1,6.97,35.28,COD,Delivered,57.0,3.0,14.48,FIRSTORDER
ORD1296,2024-01-21 22:43:00,CUST115,Female,45,Kolkata,South Spice,Fast Food,715.81,5,33.95,38.93,Debit Card,Delivered,26.0,5.0,38.06,FIRSTORDER
ORD1297,2024-07-17 12:43:00,CUST765,Male,53,Delhi,South Spice,Biryani,327.14,6,86.88,56.89,Credit Card,Cancelled,,,0.0,NONE
ORD1298,2024-04-02 10:31:00,CUST845,Male,31,Jaipur,Royal Sweets,Chinese,609.86,3,149.5,41.75,Wallet,Delivered,16.0,4.0,31.32,MEAL20
ORD1299,2024-08-31 09:48:00,CUST321,Male,46,Kolkata,Pizza Nation,Italian,934.77,6,155.07,36.94,Credit Card,Cancelled,,,0.0,MEAL20
ORD1300,2024-06-01 20:10:00,CUST773,Male,23,Lucknow,Royal Sweets,Desserts,1392.15,2,102.24,33.79,COD,Delivered,31.0,4.0,1.63,FIRSTORDER
ORD1301,2024-03-26 22:37:00,CUST686,Male,31,Bengaluru,Burger Hub,Continental,960.12,2,183.97,33.22,UPI,Delivered,23.0,4.0,30.17,ZOMATO100
ORD1302,2024-05-08 18:12:00,CUST172,Female,55,Pune,Burger Hub,Continental,524.85,4,113.06,40.16,COD,Delivered,30.0,,25.96,MEAL20
ORD1303,2024-06-18 13:40:00,CUST682,Male,50,Ahmedabad,Biryani House,Continental,999.84,1,113.23,55.06,Wallet,Delivered,24.0,1.0,36.81,FIRSTORDER
ORD1304,2024-06-26 17:44:00,CUST315,Male,18,Hyderabad,Tandoori Treat,South Indian,916.37,5,116.55,28.6,Wallet,Delivered,32.0,3.0,10.39,ZOMATO50
ORD1305,2024-08-21 23:50:00,CUST792,Female,48,Ahmedabad,Burger Hub,Beverages,519.89,5,133.31,29.64,Debit Card,Delivered,22.0,3.0,43.48,FIRSTORDER
ORD1306,2024-04-16 08:17:00,CUST502,Male,22,Chennai,Biryani House,Italian,711.36,1,104.79,45.85,Wallet,Cancelled,,,0.0,ZOMATO50
ORD1307,2024-01-03 07:17:00,CUST935,Male,36,Ahmedabad,The Chaat Spot,Italian,405.31,6,80.92,28.08,COD,Returned,,,0.0,FIRSTORDER
ORD1308,2024-06-29 23:58:00,CUST770,Female,32,Chennai,Royal Sweets,Fast Food,868.4,1,221.86,76.25,Debit Card,Delivered,37.0,4.0,5.01,ZOMATO50
ORD1309,2024-10-20 11:34:00,CUST774,Female,53,Mumbai,South Spice,Fast Food,597.83,5,53.0,45.48,UPI,Delivered,36.0,1.0,5.37,NONE
ORD1310,2024-02-21 23:48:00,CUST794,Female,18,Ahmedabad,Punjabi Zaika,North Indian,722.77,5,139.23,21.39,Debit Card,Delivered,17.0,5.0,27.68,FIRSTORDER
ORD1311,2024-04-04 13:02:00,CUST892,Male,46,Jaipur,Tandoori Treat,Chinese,642.89,1,184.75,76.73,Debit Card,Delivered,51.0,,34.16,MEAL20
ORD1312,2024-02-04 13:20:00,CUST945,Female,23,Mumbai,Curry Express,South Indian,1246.73,6,201.71,39.59,Debit Card,Delivered,15.0,5.0,35.53,FREEDL
ORD1313,2024-09-10 15:29:00,CUST415,Male,46,Ahmedabad,South Spice,Italian,306.93,6,1.77,25.48,Wallet,Delivered,45.0,5.0,4.06,FREEDL
ORD1314,2024-05-20 16:41:00,CUST531,Male,42,Ahmedabad,Tandoori Treat,Chinese,361.52,4,54.84,47.57,UPI,Delivered,17.0,5.0,23.06,ZOMATO100
ORD1315,2024-03-22 00:42:00,CUST908,Female,25,Hyderabad,Chow Mein Corner,Indian,1051.55,2,53.71,22.4,UPI,Delivered,38.0,5.0,8.31,MEAL20
ORD1316,2024-02-12 05:52:00,CUST823,Male,19,Pune,Curry Express,Biryani,1010.25,2,93.35,69.58,Credit Card,Cancelled,,,0.0,ZOMATO50
ORD1317,2024-09-30 04:25:00,CUST265,Female,44,Hyderabad,The Chaat Spot,Italian,1468.08,3,161.44,55.46,COD,Delivered,52.0,,9.97,NONE
ORD1318,2024-09-06 21:11:00,CUST597,Male,24,Hyderabad,Royal Sweets,Fast Food,485.18,4,27.75,23.96,Wallet,Delivered,55.0,,40.3,ZOMATO100
ORD1319,2024-03-21 09:47:00,CUST827,Female,42,Jaipur,Biryani House,Fast Food,1452.09,6,170.33,24.61,COD,Delivered,38.0,4.0,21.33,FREEDL
ORD1320,2024-07-24 07:19:00,CUST588,Female,39,Mumbai,Pizza Nation,Biryani,280.58,5,47.14,52.05,UPI,Cancelled,,,0.0,ZOMATO50
ORD1321,2024-07-12 09:36:00,CUST893,Female,30,Pune,Tandoori Treat,Biryani,1245.24,5,325.86,47.52,UPI,Cancelled,,,0.0,ZOMATO100
ORD1322,2024-04-08 03:16:00,CUST625,Male,21,Lucknow,Tandoori Treat,Continental,990.95,2,292.43,21.19,Credit Card,Delivered,31.0,2.0,5.01,FREEDL
ORD1323,2024-03-12 15:23:00,CUST902,Female,24,Chennai,Punjabi Zaika,Chinese,1262.16,5,269.06,67.11,UPI,Delivered,48.0,5.0,2.96,MEAL20
ORD1324,2024-06-07 21:52:00,CUST647,Female,31,Kolkata,Pizza Nation,Fast Food,1200.64,3,111.5,26.11,Credit Card,Delivered,60.0,2.0,14.69,FREEDL
ORD1325,2024-06-25 13:48:00,CUST972,Male,31,Kolkata,Curry Express,Indian,314.63,3,63.34,26.08,Debit Card,Delivered,22.0,,19.41,NONE
ORD1326,2024-04-22 01:42:00,CUST460,Male,39,Pune,Curry Express,Continental,1111.98,3,102.64,40.17,UPI,Delivered,59.0,2.0,11.48,MEAL20
ORD1327,2024-08-02 15:45:00,CUST803,Female,52,Jaipur,Punjabi Zaika,Fast Food,451.16,6,133.47,71.71,Credit Card,Delivered,41.0,4.0,44.95,MEAL20
ORD1328,2024-05-16 18:40:00,CUST188,Female,34,Chennai,Pizza Nation,Fast Food,330.45,1,11.74,31.21,UPI,Delivered,39.0,3.0,8.64,NONE
ORD1329,2024-01-15 09:32:00,CUST979,Male,21,Ahmedabad,Chow Mein Corner,Desserts,1336.44,3,166.2,67.9,Debit Card,Delivered,52.0,4.0,10.88,NONE
ORD1330,2024-10-26 04:28:00,CUST186,Female,33,Jaipur,Curry Express,Chinese,233.8,1,33.23,37.64,COD,Delivered,24.0,3.0,49.37,MEAL20
ORD1331,2024-06-27 23:10:00,CUST700,Male,22,Ahmedabad,Punjabi Zaika,Continental,842.89,4,248.31,57.07,Credit Card,Cancelled,,,0.0,FIRSTORDER
ORD1332,2024-01-08 03:35:00,CUST388,Female,26,Kolkata,Burger Hub,Desserts,1046.92,3,290.34,73.19,Credit Card,Delivered,43.0,4.0,30.01,ZOMATO50
ORD1333,2024-08-22 01:02:00,CUST744,Male,25,Delhi,Royal Sweets,Indian,392.47,3,34.16,47.49,COD,Delivered,26.0,2.0,14.67,FIRSTORDER
ORD1334,2024-07-27 10:37:00,CUST422,Female,38,Kolkata,Curry Express,Biryani,801.94,3,128.76,66.76,Wallet,Delivered,28.0,,16.45,MEAL20
ORD1335,2024-09-28 17:24:00,CUST985,Female,49,Hyderabad,Burger Hub,Desserts,261.61,1,32.36,79.29,UPI,Delivered,55.0,4.0,48.42,NONE
ORD1336,2024-10-18 08:28:00,CUST363,Female,21,Kolkata,Burger Hub,Italian,486.16,4,44.85,58.46,UPI,Returned,,,0.0,FIRSTORDER
ORD1337,2024-10-04 01:04:00,CUST122,Male,50,Ahmedabad,South Spice,Indian,482.89,4,91.51,31.97,UPI,Delivered,27.0,1.0,4.25,MEAL20
ORD1338,2024-06-15 02:58:00,CUST319,Male,28,Ahmedabad,South Spice,Italian,451.54,6,126.69,62.34,UPI,Delivered,25.0,,35.08,FREEDL
ORD1339,2024-07-05 07:05:00,CUST780,Male,39,Chennai,The Chaat Spot,Desserts,588.58,1,97.35,40.55,UPI,Delivered,28.0,1.0,1.74,ZOMATO50
ORD1340,2024-03-16 03:25:00,CUST457,Female,19,Hyderabad,Curry Express,Italian,458.06,5,38.91,71.52,Debit Card,Delivered,49.0,,30.27,NONE
ORD1341,2024-04-18 09:13:00,CUST860,Female,35,Ahmedabad,South Spice,South Indian,1320.29,6,116.2,41.56,Credit Card,Delivered,25.0,5.0,5.34,ZOMATO50
ORD1342,2024-03-23 16:11:00,CUST538,Male,38,Mumbai,Burger Hub,North Indian,997.44,5,48.26,72.98,Credit Card,Delivered,32.0,3.0,1.99,FREEDL
ORD1343,2024-02-10 05:49:00,CUST922,Female,49,Jaipur,The Chaat Spot,Indian,359.5,4,55.34,55.11,UPI,Delivered,28.0,,2.77,MEAL20
ORD1344,2024-03-13 10:05:00,CUST904,Male,40,Lucknow,Curry Express,Italian,1122.67,5,178.66,50.03,Debit Card,Cancelled,,,0.0,MEAL20
ORD1345,2024-06-09 04:15:00,CUST174,Male,46,Ahmedabad,South Spice,Biryani,1063.11,4,159.86,27.83,Debit Card,Cancelled,,,0.0,FIRSTORDER
ORD1346,2024-07-17 18:15:00,CUST199,Male,38,Delhi,Curry Express,Biryani,1422.52,6,201.78,30.82,COD,Delivered,34.0,2.0,20.05,NONE
ORD1347,2024-08-30 20:46:00,CUST344,Female,48,Ahmedabad,The Chaat Spot,Continental,830.32,2,2.75,51.97,Credit Card,Delivered,33.0,,40.88,ZOMATO50
ORD1348,2024-08-28 15:33:00,CUST857,Male,29,Ahmedabad,Chow Mein Corner,Fast Food,782.47,6,96.4,49.2,Wallet,Delivered,27.0,1.0,28.94,NONE
ORD1349,2024-03-20 03:45:00,CUST758,Female,37,Delhi,South Spice,North Indian,467.91,6,14.18,21.4,Wallet,Cancelled,,,0.0,ZOMATO50
ORD1350,2024-05-20 13:03:00,CUST768,Female,41,Chennai,Pizza Nation,Italian,556.45,5,137.06,50.68,COD,Delivered,46.0,4.0,41.0,ZOMATO50
ORD1351,2024-06-22 08:11:00,CUST424,Female,49,Bengaluru,Pizza Nation,Indian,1044.31,6,73.92,77.47,COD,Delivered,17.0,3.0,6.94,ZOMATO100
ORD1352,2024-07-28 07:28:00,CUST249,Male,26,Mumbai,Tandoori Treat,Chinese,491.16,6,34.0,51.09,COD,Delivered,21.0,1.0,38.62,ZOMATO100
ORD1353,2024-08-12 11:36:00,CUST744,Male,21,Delhi,South Spice,Indian,183.63,4,45.03,66.76,UPI,Delivered,58.0,,19.92,MEAL20
ORD1354,2024-05-06 06:02:00,CUST992,Female,49,Lucknow,Royal Sweets,Indian,1204.56,3,97.53,47.34,Debit Card,Delivered,32.0,3.0,30.91,FIRSTORDER
ORD1355,2024-09-19 08:27:00,CUST482,Female,18,Lucknow,Burger Hub,Continental,714.87,5,175.48,67.68,Wallet,Delivered,37.0,4.0,7.99,FIRSTORDER
ORD1356,2024-09-20 02:38:00,CUST847,Female,33,Lucknow,Punjabi Zaika,South Indian,1340.11,2,367.64,77.47,COD,Delivered,58.0,3.0,1.71,FREEDL
ORD1357,2024-08-26 07:05:00,CUST731,Male,30,Pune,South Spice,Beverages,345.02,5,1.23,46.05,UPI,Returned,,,0.0,ZOMATO50
ORD1358,2024-02-05 19:05:00,CUST997,Female,20,Jaipur,Pizza Nation,Continental,299.24,5,51.41,76.31,Credit Card,Delivered,50.0,,22.04,ZOMATO100
ORD1359,2024-06-23 06:38:00,CUST859,Female,38,Kolkata,Biryani House,Fast Food,1194.74,2,295.51,31.56,Credit Card,Delivered,19.0,1.0,49.65,FREEDL
ORD1360,2024-06-14 15:20:00,CUST817,Male,37,Lucknow,Burger Hub,Indian,1061.03,6,309.12,73.5,COD,Delivered,20.0,4.0,0.58,NONE
ORD1361,2024-07-28 16:51:00,CUST576,Female,42,Kolkata,Royal Sweets,North Indian,276.8,5,41.22,60.47,UPI,Delivered,43.0,,26.69,NONE
ORD1362,2024-08-24 03:58:00,CUST167,Male,30,Hyderabad,Royal Sweets,Biryani,1470.8,1,43.68,58.15,Credit Card,Delivered,52.0,5.0,8.06,FIRSTORDER
ORD1363,2024-07-28 14:31:00,CUST531,Female,33,Pune,Curry Express,Continental,1422.69,2,301.14,30.92,Credit Card,Delivered,46.0,2.0,32.05,FREEDL
ORD1364,2024-05-16 02:19:00,CUST949,Female,55,Bengaluru,Tandoori Treat,Continental,1438.02,1,49.17,27.4,UPI,Delivered,23.0,4.0,14.55,FIRSTORDER
ORD1365,2024-08-07 03:46:00,CUST991,Female,25,Kolkata,South Spice,South Indian,380.07,3,73.85,22.18,Debit Card,Delivered,52.0,3.0,42.46,NONE
ORD1366,2024-09-19 21:28:00,CUST720,Female,36,Lucknow,Pizza Nation,Italian,820.99,2,133.14,34.35,COD,Delivered,36.0,,20.62,FREEDL
ORD1367,2024-04-10 09:15:00,CUST446,Female,55,Pune,The Chaat Spot,Desserts,178.74,5,43.48,76.59,Debit Card,Delivered,27.0,2.0,1.55,MEAL20
ORD1368,2024-02-04 19:15:00,CUST381,Male,38,Hyderabad,South Spice,Chinese,1488.09,2,236.17,25.96,Credit Card,Delivered,46.0,5.0,35.88,MEAL20
ORD1369,2024-02-16 09:32:00,CUST844,Male,41,Delhi,Chow Mein Corner,Italian,616.19,2,39.33,32.96,Wallet,Delivered,51.0,4.0,30.24,FIRSTORDER
ORD1370,2024-03-01 09:41:00,CUST159,Male,31,Delhi,Pizza Nation,North Indian,1122.56,6,132.35,20.17,Debit Card,Delivered,45.0,,10.23,ZOMATO50
ORD1371,2024-05-27 18:42:00,CUST570,Female,43,Lucknow,South Spice,Italian,286.19,2,29.04,68.13,COD,Delivered,20.0,4.0,14.05,FREEDL
ORD1372,2024-03-11 02:17:00,CUST515,Male,22,Bengaluru,Pizza Nation,Beverages,1303.36,5,132.11,71.53,UPI,Delivered,19.0,2.0,24.77,MEAL20
ORD1373,2024-10-14 13:40:00,CUST176,Male,50,Ahmedabad,The Chaat Spot,South Indian,1339.39,1,357.2,79.5,COD,Delivered,49.0,2.0,27.77,FREEDL
ORD1374,2024-09-01 09:09:00,CUST851,Female,28,Hyderabad,The Chaat Spot,Chinese,1208.84,5,247.13,75.81,Credit Card,Delivered,48.0,1.0,47.87,MEAL20
ORD1375,2024-10-11 19:39:00,CUST370,Female,50,Chennai,Punjabi Zaika,Continental,606.43,6,165.63,54.81,Debit Card,Delivered,36.0,1.0,25.05,ZOMATO50
ORD1376,2024-02-13 11:31:00,CUST733,Female,37,Chennai,The Chaat Spot,Desserts,988.01,2,109.51,74.74,COD,Delivered,17.0,,19.46,MEAL20
ORD1377,2024-03-15 01:31:00,CUST572,Male,44,Mumbai,The Chaat Spot,South Indian,406.97,5,93.28,62.53,UPI,Delivered,26.0,1.0,5.6,MEAL20
ORD1378,2024-04-22 11:07:00,CUST975,Male,20,Delhi,Punjabi Zaika,Desserts,799.22,4,50.19,34.79,Wallet,Delivered,22.0,1.0,19.92,FREEDL
ORD1379,2024-03-03 13:51:00,CUST841,Male,25,Pune,Tandoori Treat,Indian,1313.02,3,348.62,64.07,UPI,Cancelled,,,0.0,FIRSTORDER
ORD1380,2024-05-09 07:15:00,CUST947,Male,27,Bengaluru,Punjabi Zaika,Chinese,741.16,1,34.18,67.04,Debit Card,Delivered,18.0,5.0,5.04,NONE
ORD1381,2024-07-02 09:37:00,CUST842,Male,47,Delhi,Chow Mein Corner,Beverages,534.21,3,98.42,40.32,Wallet,Delivered,46.0,,8.11,ZOMATO100
ORD1382,2024-03-05 00:27:00,CUST825,Male,19,Lucknow,Pizza Nation,Biryani,528.85,1,135.14,73.9,UPI,Delivered,57.0,5.0,38.25,MEAL20
ORD1383,2024-07-15 08:09:00,CUST809,Male,51,Delhi,South Spice,Chinese,158.41,4,30.97,53.35,Debit Card,Cancelled,,,0.0,FIRSTORDER
ORD1384,2024-07-03 17:04:00,CUST910,Male,27,Bengaluru,Tandoori Treat,North Indian,1025.61,6,9.62,46.98,COD,Cancelled,,,0.0,FREEDL
ORD1385,2024-09-22 05:10:00,CUST722,Female,45,Bengaluru,Pizza Nation,Biryani,407.39,4,36.89,48.36,COD,Delivered,35.0,3.0,34.66,NONE
ORD1386,2024-02-17 18:06:00,CUST731,Female,47,Delhi,Biryani House,Fast Food,1495.13,6,373.05,74.12,Debit Card,Delivered,40.0,3.0,37.19,NONE
ORD1387,2024-07-13 06:28:00,CUST673,Female,24,Hyderabad,Pizza Nation,Biryani,834.08,6,39.16,36.02,Debit Card,Delivered,18.0,4.0,34.93,FREEDL
ORD1388,2024-09-16 23:29:00,CUST299,Female,27,Chennai,Curry Express,North Indian,1228.5,6,25.67,35.64,UPI,Delivered,17.0,2.0,43.08,NONE
ORD1389,2024-05-07 11:17:00,CUST252,Male,33,Lucknow,The Chaat Spot,North Indian,182.14,3,21.3,69.16,COD,Delivered,50.0,1.0,3.14,NONE
ORD1390,2024-01-27 19:36:00,CUST882,Male,50,Kolkata,Royal Sweets,Continental,971.81,2,179.15,78.65,UPI,Delivered,54.0,,16.66,FIRSTORDER
ORD1391,2024-04-19 08:34:00,CUST644,Male,27,Pune,Pizza Nation,Continental,758.45,2,11.36,20.14,COD,Delivered,45.0,5.0,24.58,NONE
ORD1392,2024-02-17 18:03:00,CUST833,Female,30,Lucknow,Burger Hub,Continental,703.88,5,88.83,37.52,COD,Delivered,16.0,4.0,17.88,NONE
ORD1393,2024-04-21 21:37:00,CUST928,Female,25,Mumbai,Chow Mein Corner,Indian,505.26,1,4.39,61.81,COD,Delivered,46.0,,24.99,ZOMATO100
ORD1394,2024-03-12 07:36:00,CUST164,Male,23,Mumbai,Tandoori Treat,Beverages,933.5,5,183.3,65.03,COD,Delivered,37.0,2.0,18.27,NONE
ORD1395,2024-08-25 18:34:00,CUST797,Male,41,Kolkata,Tandoori Treat,Indian,1493.8,6,245.59,41.09,UPI,Delivered,40.0,,2.81,ZOMATO100
ORD1396,2024-03-29 09:34:00,CUST534,Female,23,Ahmedabad,Biryani House,South Indian,1167.04,1,93.55,49.95,Wallet,Delivered,49.0,3.0,8.92,NONE
ORD1397,2024-01-28 00:15:00,CUST321,Female,52,Mumbai,Biryani House,Desserts,256.57,3,70.53,35.82,UPI,Delivered,25.0,,49.34,ZOMATO50
ORD1398,2024-01-21 01:56:00,CUST885,Male,35,Chennai,Burger Hub,South Indian,1157.32,3,42.01,54.31,Debit Card,Delivered,40.0,5.0,12.84,FREEDL
ORD1399,2024-07-12 03:23:00,CUST601,Male,24,Jaipur,South Spice,Beverages,1201.43,4,283.91,34.59,UPI,Cancelled,,,0.0,ZOMATO100
ORD1400,2024-02-14 12:43:00,CUST148,Male,45,Lucknow,Chow Mein Corner,Fast Food,1066.11,1,182.03,72.95,Wallet,Cancelled,,,0.0,ZOMATO50
ORD1401,2024-10-19 11:51:00,CUST576,Male,49,Jaipur,South Spice,Beverages,381.3,1,20.59,78.56,Debit Card,Delivered,21.0,2.0,14.25,FREEDL
ORD1402,2024-02-25 02:07:00,CUST831,Female,49,Hyderabad,Chow Mein Corner,Chinese,716.2,2,9.29,34.96,Credit Card,Delivered,37.0,3.0,11.49,ZOMATO100
ORD1403,2024-01-01 04:10:00,CUST512,Female,23,Jaipur,Royal Sweets,Desserts,331.95,1,86.92,27.63,Credit Card,Delivered,38.0,,45.67,FIRSTORDER
ORD1404,2024-06-21 14:12:00,CUST561,Female,52,Chennai,Curry Express,North Indian,1328.85,1,373.57,46.61,COD,Delivered,39.0,2.0,6.74,MEAL20
ORD1405,2024-01-26 00:55:00,CUST400,Male,50,Jaipur,Royal Sweets,Chinese,1089.75,2,160.99,58.62,Debit Card,Delivered,37.0,4.0,9.24,ZOMATO100
ORD1406,2024-02-03 12:06:00,CUST610,Male,21,Mumbai,Burger Hub,North Indian,1245.27,6,308.17,55.62,Debit Card,Delivered,37.0,5.0,13.35,ZOMATO100
ORD1407,2024-03-03 14:24:00,CUST569,Male,34,Bengaluru,South Spice,Continental,1026.23,3,69.27,35.41,Wallet,Delivered,20.0,4.0,11.24,MEAL20
ORD1408,2024-07-22 20:50:00,CUST313,Female,30,Ahmedabad,Curry Express,Beverages,1292.98,5,13.52,28.75,Debit Card,Delivered,34.0,1.0,6.83,FREEDL
ORD1409,2024-06-04 07:20:00,CUST285,Female,23,Pune,Royal Sweets,North Indian,1453.31,2,333.78,78.34,UPI,Delivered,31.0,4.0,28.12,ZOMATO50
ORD1410,2024-04-09 09:52:00,CUST413,Male,52,Jaipur,Curry Express,Fast Food,625.66,4,170.2,22.54,Debit Card,Delivered,37.0,,40.45,FIRSTORDER
ORD1411,2024-10-26 17:29:00,CUST376,Male,36,Hyderabad,Chow Mein Corner,South Indian,1299.02,6,288.85,34.75,Debit Card,Delivered,53.0,2.0,37.43,MEAL20
ORD1412,2024-10-02 07:40:00,CUST969,Female,22,Delhi,Punjabi Zaika,Fast Food,1202.39,3,125.53,50.5,COD,Delivered,47.0,2.0,48.89,ZOMATO100
ORD1413,2024-08-27 03:21:00,CUST995,Male,29,Bengaluru,Tandoori Treat,Beverages,183.93,6,19.13,47.34,Debit Card,Delivered,45.0,,18.62,NONE
ORD1414,2024-03-13 21:58:00,CUST946,Male,50,Chennai,Chow Mein Corner,Continental,853.89,1,248.57,55.26,UPI,Delivered,53.0,3.0,10.47,ZOMATO100
ORD1415,2024-06-17 09:11:00,CUST329,Female,38,Jaipur,Royal Sweets,Indian,1379.28,4,214.1,41.68,UPI,Delivered,52.0,,49.78,ZOMATO50
ORD1416,2024-07-08 19:40:00,CUST488,Male,41,Chennai,Punjabi Zaika,Desserts,797.03,1,60.19,71.46,Wallet,Delivered,37.0,5.0,37.89,ZOMATO50
ORD1417,2024-05-23 20:11:00,CUST747,Female,44,Kolkata,Pizza Nation,Chinese,569.21,3,129.48,30.24,Credit Card,Delivered,29.0,3.0,16.88,NONE
ORD1418,2024-04-23 03:40:00,CUST486,Female,54,Lucknow,Pizza Nation,Fast Food,1083.57,4,46.11,78.28,UPI,Returned,,,0.0,MEAL20
ORD1419,2024-10-10 15:38:00,CUST301,Female,43,Lucknow,Curry Express,Italian,1408.23,4,34.82,63.68,Wallet,Delivered,22.0,3.0,32.93,MEAL20
ORD1420,2024-08-27 08:39:00,CUST889,Female,34,Kolkata,Curry Express,South Indian,1296.76,6,86.68,28.35,COD,Delivered,22.0,2.0,26.77,NONE
ORD1421,2024-06-01 00:33:00,CUST807,Male,24,Delhi,Burger Hub,Italian,1471.0,5,112.6,43.95,Wallet,Delivered,24.0,1.0,47.84,FREEDL
ORD1422,2024-05-31 15:14:00,CUST625,Female,35,Kolkata,Curry Express,Fast Food,1162.98,4,247.11,56.62,Credit Card,Delivered,27.0,2.0,7.65,FIRSTORDER
ORD1423,2024-10-04 17:15:00,CUST967,Female,45,Lucknow,Chow Mein Corner,Chinese,983.9,6,51.27,23.85,UPI,Cancelled,,,0.0,ZOMATO100
ORD1424,2024-09-01 15:07:00,CUST834,Male,42,Lucknow,Chow Mein Corner,Indian,767.77,5,85.05,63.92,Debit Card,Delivered,51.0,,4.68,FIRSTORDER
ORD1425,2024-10-23 22:24:00,CUST951,Female,22,Jaipur,Biryani House,Desserts,1439.67,1,388.37,46.28,UPI,Delivered,22.0,3.0,21.06,ZOMATO50
ORD1426,2024-05-28 17:05:00,CUST164,Female,51,Jaipur,Curry Express,Indian,1088.08,3,113.89,72.98,Wallet,Delivered,57.0,4.0,16.37,ZOMATO50
ORD1427,2024-08-05 06:47:00,CUST731,Female,55,Kolkata,Biryani House,Continental,226.41,6,35.92,21.98,Wallet,Delivered,58.0,,8.05,NONE
ORD1428,2024-02-03 02:03:00,CUST907,Male,35,Lucknow,Curry Express,Continental,839.88,2,220.4,67.92,COD,Delivered,25.0,5.0,33.39,NONE
ORD1429,2024-10-22 05:47:00,CUST198,Female,30,Lucknow,Burger Hub,Biryani,1259.17,4,62.59,31.03,Credit Card,Delivered,60.0,,47.18,NONE
ORD1430,2024-04-14 16:25:00,CUST171,Female,49,Jaipur,South Spice,South Indian,270.89,6,71.96,52.47,Wallet,Delivered,53.0,,48.86,FREEDL
ORD1431,2024-10-03 19:55:00,CUST268,Male,52,Lucknow,Biryani House,South Indian,1353.56,5,133.64,59.48,Credit Card,Delivered,19.0,,6.26,ZOMATO100
ORD1432,2024-05-15 17:41:00,CUST567,Female,38,Mumbai,Royal Sweets,North Indian,1283.55,2,117.55,25.23,Wallet,Delivered,30.0,3.0,11.98,FREEDL
ORD1433,2024-07-26 09:05:00,CUST483,Male,38,Kolkata,Pizza Nation,Continental,1087.03,4,271.55,68.54,UPI,Delivered,51.0,4.0,9.37,ZOMATO50
ORD1434,2024-08-08 19:18:00,CUST189,Male,46,Mumbai,Chow Mein Corner,North Indian,369.74,2,81.12,36.11,Debit Card,Delivered,16.0,3.0,11.79,MEAL20
ORD1435,2024-02-16 21:11:00,CUST734,Male,45,Ahmedabad,South Spice,North Indian,1082.71,5,94.91,40.75,Wallet,Cancelled,,,0.0,MEAL20
ORD1436,2024-10-02 19:06:00,CUST556,Female,35,Kolkata,Biryani House,Desserts,1132.91,5,9.81,68.77,Debit Card,Delivered,46.0,1.0,45.4,ZOMATO100
ORD1437,2024-10-07 23:30:00,CUST180,Female,25,Pune,Tandoori Treat,Biryani,203.8,5,17.78,78.39,Debit Card,Delivered,25.0,1.0,47.38,NONE
ORD1438,2024-08-02 19:20:00,CUST944,Female,52,Kolkata,The Chaat Spot,Continental,485.58,3,72.7,30.37,Debit Card,Delivered,35.0,3.0,37.61,FREEDL
ORD1439,2024-07-05 07:52:00,CUST912,Male,19,Pune,Tandoori Treat,North Indian,1363.97,3,402.75,46.25,Debit Card,Delivered,37.0,4.0,7.56,ZOMATO50
ORD1440,2024-07-17 06:43:00,CUST573,Female,47,Chennai,Tandoori Treat,Biryani,907.97,5,246.39,22.96,COD,Delivered,58.0,3.0,23.9,FIRSTORDER
ORD1441,2024-10-05 03:34:00,CUST265,Female,22,Kolkata,Royal Sweets,South Indian,1075.08,6,235.14,25.61,COD,Delivered,59.0,4.0,2.35,MEAL20
ORD1442,2024-09-13 14:51:00,CUST357,Male,46,Jaipur,Pizza Nation,Fast Food,481.66,4,106.17,66.1,UPI,Delivered,38.0,1.0,2.28,NONE
ORD1443,2024-03-15 03:28:00,CUST543,Female,29,Jaipur,South Spice,Continental,1234.01,6,202.25,48.49,COD,Delivered,23.0,,30.83,FREEDL
ORD1444,2024-02-05 16:11:00,CUST762,Female,54,Chennai,Pizza Nation,Desserts,152.94,1,35.32,43.41,COD,Delivered,34.0,1.0,19.66,FREEDL
ORD1445,2024-03-31 23:33:00,CUST987,Male,18,Bengaluru,Punjabi Zaika,Indian,199.18,5,23.27,79.85,UPI,Delivered,30.0,1.0,2.25,FREEDL
ORD1446,2024-10-21 12:22:00,CUST427,Male,31,Ahmedabad,Chow Mein Corner,North Indian,1228.62,2,42.2,79.47,Debit Card,Delivered,26.0,4.0,36.88,FIRSTORDER
ORD1447,2024-01-03 11:21:00,CUST238,Female,28,Mumbai,Burger Hub,Continental,648.28,5,179.51,74.81,Wallet,Delivered,29.0,4.0,35.2,MEAL20
ORD1448,2024-05-04 19:53:00,CUST653,Male,22,Bengaluru,Punjabi Zaika,Beverages,279.98,1,32.81,29.55,Debit Card,Delivered,45.0,2.0,33.3,MEAL20
ORD1449,2024-09-13 22:55:00,CUST448,Female,45,Hyderabad,The Chaat Spot,Continental,1364.85,1,294.44,34.35,Debit Card,Delivered,29.0,4.0,26.39,NONE
ORD1450,2024-03-08 19:39:00,CUST755,Male,19,Lucknow,The Chaat Spot,Fast Food,888.38,1,10.11,23.8,Debit Card,Delivered,20.0,3.0,28.19,NONE
ORD1451,2024-07-09 12:17:00,CUST652,Female,33,Pune,Chow Mein Corner,Fast Food,1337.11,5,194.4,24.76,UPI,Delivered,39.0,3.0,32.69,ZOMATO50
ORD1452,2024-09-02 03:21:00,CUST311,Female,24,Pune,Biryani House,South Indian,1393.5,5,374.26,76.16,Credit Card,Delivered,26.0,1.0,43.27,NONE
ORD1453,2024-03-07 17:17:00,CUST103,Female,51,Kolkata,Biryani House,Desserts,783.76,6,103.59,20.38,UPI,Delivered,45.0,3.0,4.07,ZOMATO100
ORD1454,2024-08-15 08:11:00,CUST385,Male,41,Hyderabad,Punjabi Zaika,Desserts,963.17,5,275.21,56.72,Debit Card,Delivered,29.0,5.0,4.29,ZOMATO50
ORD1455,2024-10-09 12:02:00,CUST167,Male,18,Mumbai,Pizza Nation,Beverages,190.85,6,13.0,57.41,Wallet,Delivered,55.0,1.0,39.82,FIRSTORDER
ORD1456,2024-03-26 00:28:00,CUST892,Female,46,Mumbai,Curry Express,Continental,876.78,4,23.29,59.71,Credit Card,Delivered,28.0,2.0,17.1,ZOMATO50
ORD1457,2024-07-25 18:00:00,CUST630,Male,42,Jaipur,Punjabi Zaika,Fast Food,789.93,5,144.71,68.0,Debit Card,Delivered,22.0,,30.96,ZOMATO50
ORD1458,2024-03-19 19:36:00,CUST652,Male,50,Hyderabad,South Spice,South Indian,471.76,3,34.69,40.98,Credit Card,Delivered,20.0,2.0,19.4,MEAL20
ORD1459,2024-03-07 00:03:00,CUST235,Female,29,Hyderabad,Burger Hub,Italian,329.7,3,20.93,30.67,Debit Card,Delivered,43.0,3.0,13.92,FIRSTORDER
ORD1460,2024-03-24 00:42:00,CUST132,Male,46,Hyderabad,Punjabi Zaika,Continental,544.03,2,6.08,29.37,Wallet,Delivered,50.0,3.0,17.04,FIRSTORDER
ORD1461,2024-07-13 14:52:00,CUST879,Male,19,Ahmedabad,Punjabi Zaika,Italian,1175.0,6,264.18,58.63,UPI,Delivered,22.0,1.0,21.14,MEAL20
ORD1462,2024-09-23 13:22:00,CUST880,Male,39,Ahmedabad,South Spice,Desserts,922.48,3,250.39,25.62,UPI,Delivered,42.0,2.0,17.31,FREEDL
ORD1463,2024-07-13 05:21:00,CUST296,Male,47,Mumbai,Pizza Nation,Beverages,798.86,3,227.24,63.8,Credit Card,Cancelled,,,0.0,MEAL20
ORD1464,2024-02-05 07:24:00,CUST937,Female,49,Lucknow,Pizza Nation,Chinese,348.9,3,51.52,32.67,Wallet,Delivered,47.0,,38.32,NONE
ORD1465,2024-10-13 08:50:00,CUST220,Female,18,Chennai,Punjabi Zaika,Continental,1075.19,6,119.33,59.29,UPI,Delivered,26.0,3.0,17.55,MEAL20
ORD1466,2024-04-05 15:48:00,CUST171,Female,20,Hyderabad,Punjabi Zaika,Biryani,202.35,5,39.48,59.21,Credit Card,Delivered,29.0,2.0,12.86,NONE
ORD1467,2024-09-12 12:52:00,CUST240,Male,50,Hyderabad,Royal Sweets,Italian,1146.49,1,192.88,32.82,Credit Card,Delivered,25.0,5.0,36.19,NONE
ORD1468,2024-09-04 21:56:00,CUST950,Female,49,Kolkata,Curry Express,Chinese,1074.77,5,238.43,21.65,Credit Card,Delivered,60.0,4.0,30.05,ZOMATO50
ORD1469,2024-01-09 01:40:00,CUST867,Female,24,Hyderabad,Burger Hub,Fast Food,692.43,4,160.99,74.73,Credit Card,Delivered,19.0,3.0,18.32,ZOMATO50
ORD1470,2024-05-25 10:51:00,CUST310,Female,37,Lucknow,South Spice,North Indian,620.37,5,63.3,69.04,COD,Delivered,20.0,1.0,3.61,ZOMATO50
ORD1471,2024-09-17 00:19:00,CUST806,Female,44,Lucknow,Punjabi Zaika,Desserts,423.0,6,3.52,45.51,Credit Card,Delivered,19.0,1.0,22.01,FREEDL
ORD1472,2024-09-20 04:44:00,CUST907,Male,32,Delhi,The Chaat Spot,Continental,1389.29,1,309.5,43.45,Credit Card,Delivered,18.0,5.0,41.12,FIRSTORDER
ORD1473,2024-05-23 12:53:00,CUST644,Female,25,Jaipur,Tandoori Treat,Biryani,318.5,4,1.73,67.29,UPI,Delivered,48.0,3.0,11.9,ZOMATO100
ORD1474,2024-06-10 13:24:00,CUST499,Male,53,Jaipur,Burger Hub,Continental,716.27,3,154.36,47.12,Credit Card,Delivered,19.0,4.0,23.2,ZOMATO50
ORD1475,2024-05-26 08:04:00,CUST116,Male,23,Delhi,Pizza Nation,South Indian,549.66,2,108.15,52.34,Credit Card,Delivered,52.0,3.0,21.33,FREEDL
ORD1476,2024-03-12 21:56:00,CUST777,Female,37,Jaipur,South Spice,Desserts,189.1,4,9.1,40.17,Debit Card,Delivered,59.0,3.0,25.21,MEAL20
ORD1477,2024-08-14 17:02:00,CUST389,Female,54,Ahmedabad,The Chaat Spot,North Indian,1346.4,2,367.28,66.19,Wallet,Delivered,58.0,3.0,4.73,NONE
ORD1478,2024-07-09 01:02:00,CUST252,Male,40,Pune,Curry Express,Italian,871.97,3,159.93,33.37,UPI,Delivered,37.0,4.0,27.88,ZOMATO50
ORD1479,2024-07-26 20:58:00,CUST166,Female,28,Bengaluru,Punjabi Zaika,Indian,680.93,3,5.03,65.03,Wallet,Delivered,36.0,1.0,12.84,ZOMATO50
ORD1480,2024-07-18 22:23:00,CUST380,Male,31,Kolkata,South Spice,Indian,1279.49,6,17.5,71.61,Debit Card,Delivered,45.0,,49.08,FIRSTORDER
ORD1481,2024-06-10 18:31:00,CUST975,Male,38,Lucknow,Burger Hub,South Indian,1326.59,4,157.6,77.32,Debit Card,Delivered,39.0,,37.25,ZOMATO50
ORD1482,2024-05-28 01:05:00,CUST428,Female,40,Pune,Burger Hub,Beverages,626.56,4,100.8,43.87,UPI,Delivered,43.0,5.0,12.84,MEAL20
ORD1483,2024-09-27 13:01:00,CUST163,Female,18,Delhi,Burger Hub,Desserts,418.75,4,5.22,40.86,Credit Card,Cancelled,,,0.0,NONE
ORD1484,2024-06-07 00:07:00,CUST664,Female,54,Jaipur,Burger Hub,Beverages,1063.63,3,285.75,30.05,Debit Card,Delivered,29.0,2.0,27.03,ZOMATO50
ORD1485,2024-01-24 02:25:00,CUST766,Male,41,Bengaluru,Royal Sweets,Fast Food,1349.62,5,111.67,29.94,Wallet,Delivered,35.0,5.0,7.33,ZOMATO50
ORD1486,2024-04-18 13:42:00,CUST852,Female,26,Lucknow,Pizza Nation,South Indian,248.72,1,1.5,72.01,COD,Delivered,49.0,,33.88,MEAL20
ORD1487,2024-03-13 12:53:00,CUST481,Female,43,Jaipur,Curry Express,Beverages,955.43,6,92.74,21.81,UPI,Cancelled,,,0.0,ZOMATO100
ORD1488,2024-01-08 19:39:00,CUST647,Female,33,Delhi,Burger Hub,Chinese,1358.44,1,25.57,41.59,UPI,Cancelled,,,0.0,FIRSTORDER
ORD1489,2024-10-05 06:50:00,CUST421,Male,52,Jaipur,Curry Express,Desserts,630.95,6,121.6,42.19,UPI,Delivered,27.0,5.0,33.76,FIRSTORDER
ORD1490,2024-05-10 12:12:00,CUST454,Male,28,Delhi,Punjabi Zaika,Biryani,696.95,4,167.29,74.8,Debit Card,Delivered,60.0,4.0,1.14,ZOMATO50
ORD1491,2024-02-27 03:09:00,CUST423,Female,46,Hyderabad,Punjabi Zaika,Continental,1142.07,2,139.18,29.56,Wallet,Delivered,59.0,5.0,21.54,NONE
ORD1492,2024-01-27 19:54:00,CUST682,Female,46,Ahmedabad,Punjabi Zaika,Fast Food,1445.75,3,237.59,77.12,Credit Card,Delivered,57.0,4.0,11.56,FIRSTORDER
ORD1493,2024-04-15 09:57:00,CUST324,Male,32,Jaipur,South Spice,Fast Food,793.4,1,165.55,72.46,COD,Delivered,50.0,3.0,37.45,ZOMATO100
ORD1494,2024-06-16 08:19:00,CUST184,Male,49,Delhi,Royal Sweets,Fast Food,493.56,3,127.7,76.49,Debit Card,Delivered,41.0,2.0,40.0,NONE
ORD1495,2024-02-26 02:55:00,CUST989,Female,45,Hyderabad,Punjabi Zaika,North Indian,1282.91,3,70.04,76.35,UPI,Delivered,18.0,5.0,26.55,NONE
ORD1496,2024-07-30 09:48:00,CUST339,Female,40,Ahmedabad,Curry Express,Desserts,1159.56,6,295.65,74.06,Credit Card,Delivered,20.0,3.0,34.61,ZOMATO50
ORD1497,2024-07-11 11:50:00,CUST547,Female,24,Ahmedabad,Burger Hub,Fast Food,1386.31,6,32.39,32.12,Credit Card,Delivered,17.0,,30.5,MEAL20
ORD1498,2024-01-09 22:52:00,CUST200,Female,18,Mumbai,Tandoori Treat,Beverages,543.7,1,115.31,31.84,Credit Card,Delivered,41.0,3.0,40.64,MEAL20
ORD1499,2024-05-07 06:20:00,CUST190,Male,48,Hyderabad,South Spice,Beverages,860.08,5,4.83,52.11,Credit Card,Delivered,37.0,1.0,0.69,FREEDL
